"Date","Price","Open","High","Low","Vol.","Change %"
"31/12/2020","6,460.52","6,555.82","6,555.82","6,439.41","316.94M","-1.45%"
"30/12/2020","6,555.82","6,602.65","6,622.98","6,552.46","425.49M","-0.71%"
"29/12/2020","6,602.65","6,502.11","6,676.60","6,502.11","823.98M","1.55%"
"24/12/2020","6,502.11","6,495.75","6,530.28","6,479.59","477.47M","0.10%"
"23/12/2020","6,495.75","6,453.16","6,497.28","6,431.21","781.64M","0.66%"
"22/12/2020","6,453.16","6,416.32","6,457.47","6,382.61","613.67M","0.57%"
"21/12/2020","6,416.32","6,529.18","6,529.18","6,315.34","1.11B","-1.73%"
"18/12/2020","6,529.18","6,551.06","6,604.54","6,518.25","1.20B","-0.33%"
"17/12/2020","6,551.06","6,570.91","6,601.63","6,551.06","725.53M","-0.30%"
"16/12/2020","6,570.91","6,513.32","6,598.42","6,513.32","860.33M","0.88%"
"15/12/2020","6,513.32","6,531.83","6,558.24","6,484.04","737.40M","-0.28%"
"14/12/2020","6,531.83","6,546.75","6,583.70","6,524.70","870.27M","-0.23%"
"11/12/2020","6,546.75","6,599.76","6,607.44","6,520.54","1.07B","-0.80%"
"10/12/2020","6,599.76","6,564.29","6,640.74","6,561.11","1.11B","0.54%"
"09/12/2020","6,564.29","6,558.82","6,623.03","6,558.82","769.12M","0.08%"
"08/12/2020","6,558.82","6,555.39","6,567.59","6,518.37","757.85M","0.05%"
"07/12/2020","6,555.39","6,550.23","6,601.11","6,519.82","1.05B","0.08%"
"04/12/2020","6,550.23","6,490.27","6,559.18","6,489.75","1.07B","0.92%"
"03/12/2020","6,490.27","6,463.39","6,491.49","6,430.27","943.21M","0.42%"
"02/12/2020","6,463.39","6,384.73","6,468.64","6,367.51","936.84M","1.23%"
"01/12/2020","6,384.73","6,266.19","6,400.24","6,263.60","839.85M","1.89%"
"30/11/2020","6,266.19","6,367.58","6,404.02","6,266.19","1.36B","-1.59%"
"27/11/2020","6,367.58","6,362.93","6,375.91","6,302.22","1.44B","0.07%"
"26/11/2020","6,362.93","6,391.09","6,412.65","6,349.53","735.75M","-0.44%"
"25/11/2020","6,391.09","6,432.17","6,468.73","6,375.25","1.13B","-0.64%"
"24/11/2020","6,432.17","6,333.84","6,432.42","6,333.72","1.30B","1.55%"
"23/11/2020","6,333.84","6,351.45","6,392.08","6,325.24","943.54M","-0.28%"
"20/11/2020","6,351.45","6,334.35","6,386.70","6,324.60","821.11M","0.27%"
"19/11/2020","6,334.35","6,385.24","6,385.24","6,314.26","919.87M","-0.80%"
"18/11/2020","6,385.24","6,365.33","6,395.91","6,326.74","979.74M","0.31%"
"17/11/2020","6,365.33","6,421.29","6,424.53","6,308.99","1.23B","-0.87%"
"16/11/2020","6,421.29","6,316.39","6,463.51","6,316.39","1.29B","1.66%"
"13/11/2020","6,316.39","6,338.94","6,338.97","6,280.40","960.71M","-0.36%"
"12/11/2020","6,338.94","6,382.10","6,382.10","6,295.79","1.01B","-0.68%"
"11/11/2020","6,382.10","6,296.85","6,397.28","6,293.21","1.28B","1.35%"
"10/11/2020","6,296.85","6,186.29","6,307.00","6,180.47","1.71B","1.79%"
"09/11/2020","6,186.29","5,910.02","6,258.31","5,910.02","2.07B","4.67%"
"06/11/2020","5,910.02","5,906.18","5,950.22","5,858.48","848.48M","0.07%"
"05/11/2020","5,906.18","5,883.26","5,933.05","5,881.87","900.00M","0.39%"
"04/11/2020","5,883.26","5,786.77","5,885.67","5,711.21","781.52M","1.67%"
"03/11/2020","5,786.77","5,654.97","5,787.61","5,654.97","803.79M","2.33%"
"02/11/2020","5,654.97","5,577.27","5,665.30","5,554.73","755.07M","1.39%"
"30/10/2020","5,577.27","5,581.75","5,593.40","5,534.08","823.61M","-0.08%"
"29/10/2020","5,581.75","5,582.80","5,616.58","5,534.66","964.96M","-0.02%"
"28/10/2020","5,582.80","5,728.99","5,728.99","5,525.52","1.11B","-2.55%"
"27/10/2020","5,728.99","5,792.01","5,806.23","5,728.18","756.73M","-1.09%"
"26/10/2020","5,792.01","5,860.28","5,868.36","5,782.37","870.05M","-1.16%"
"23/10/2020","5,860.28","5,785.65","5,885.38","5,781.78","852.80M","1.29%"
"22/10/2020","5,785.65","5,776.50","5,796.44","5,716.40","664.92M","0.16%"
"21/10/2020","5,776.50","5,889.22","5,903.38","5,769.62","632.35M","-1.91%"
"20/10/2020","5,889.22","5,884.65","5,915.47","5,861.81","576.52M","0.08%"
"19/10/2020","5,884.65","5,919.58","5,959.67","5,871.95","522.72M","-0.59%"
"16/10/2020","5,919.58","5,832.52","5,933.81","5,832.52","669.81M","1.49%"
"15/10/2020","5,832.52","5,935.06","5,935.06","5,786.20","665.02M","-1.73%"
"14/10/2020","5,935.06","5,969.71","6,009.81","5,926.49","612.91M","-0.58%"
"13/10/2020","5,969.71","6,001.38","6,008.04","5,949.97","786.88M","-0.53%"
"12/10/2020","6,001.38","6,016.65","6,037.08","5,995.11","600.96M","-0.25%"
"09/10/2020","6,016.65","5,978.03","6,040.47","5,978.03","676.78M","0.65%"
"08/10/2020","5,978.03","5,946.25","6,004.15","5,929.41","741.67M","0.53%"
"07/10/2020","5,946.25","5,949.94","5,977.15","5,929.16","761.63M","-0.06%"
"06/10/2020","5,949.94","5,942.94","5,971.48","5,903.40","911.38M","0.12%"
"05/10/2020","5,942.94","5,902.12","5,974.22","5,902.12","637.08M","0.69%"
"02/10/2020","5,902.12","5,879.45","5,902.12","5,809.61","701.24M","0.39%"
"01/10/2020","5,879.45","5,866.10","5,925.77","5,849.82","729.25M","0.23%"
"30/09/2020","5,866.10","5,897.50","5,931.37","5,854.46","831.98M","-0.53%"
"29/09/2020","5,897.50","5,927.93","5,927.93","5,862.93","677.62M","-0.51%"
"28/09/2020","5,927.93","5,842.67","5,954.42","5,842.67","915.07M","1.46%"
"25/09/2020","5,842.67","5,822.78","5,843.72","5,771.49","742.75M","0.34%"
"24/09/2020","5,822.78","5,899.26","5,899.26","5,805.28","707.13M","-1.30%"
"23/09/2020","5,899.26","5,829.46","5,974.88","5,829.46","745.61M","1.20%"
"22/09/2020","5,829.46","5,804.29","5,871.28","5,794.54","793.99M","0.43%"
"21/09/2020","5,804.29","6,007.05","6,007.05","5,779.24","989.72M","-3.38%"
"18/09/2020","6,007.05","6,049.92","6,055.24","6,006.28","1.61B","-0.71%"
"17/09/2020","6,049.92","6,078.48","6,078.48","5,998.69","614.99M","-0.47%"
"16/09/2020","6,078.48","6,105.54","6,119.24","6,057.63","712.22M","-0.44%"
"15/09/2020","6,105.54","6,026.25","6,123.69","6,026.17","682.66M","1.32%"
"14/09/2020","6,026.25","6,032.09","6,080.02","6,011.83","599.03M","-0.10%"
"11/09/2020","6,032.09","6,003.32","6,057.69","5,992.93","532.21M","0.48%"
"10/09/2020","6,003.32","6,012.84","6,028.76","5,950.62","602.95M","-0.16%"
"09/09/2020","6,012.84","5,930.30","6,031.25","5,923.43","670.41M","1.39%"
"08/09/2020","5,930.30","5,937.40","5,985.26","5,868.87","740.82M","-0.12%"
"07/09/2020","5,937.40","5,799.08","5,946.93","5,798.47","542.56M","2.39%"
"04/09/2020","5,799.08","5,850.86","5,904.16","5,778.40","672.21M","-0.88%"
"03/09/2020","5,850.86","5,940.95","5,996.24","5,838.02","698.95M","-1.52%"
"02/09/2020","5,940.95","5,862.05","5,974.70","5,862.05","670.60M","1.35%"
"01/09/2020","5,862.05","5,963.57","5,972.52","5,824.04","1.04B","-1.70%"
"28/08/2020","5,963.57","5,999.99","6,033.04","5,962.46","917.31M","-0.61%"
"27/08/2020","5,999.99","6,045.60","6,062.52","5,999.99","496.43M","-0.75%"
"26/08/2020","6,045.60","6,037.01","6,050.81","5,992.22","405.66M","0.14%"
"25/08/2020","6,037.01","6,104.73","6,173.48","6,032.10","538.99M","-1.11%"
"24/08/2020","6,104.73","6,001.89","6,119.80","6,001.89","452.72M","1.71%"
"21/08/2020","6,001.89","6,013.34","6,036.51","5,948.80","545.21M","-0.19%"
"20/08/2020","6,013.34","6,111.98","6,111.98","6,009.61","505.17M","-1.61%"
"19/08/2020","6,111.98","6,076.62","6,114.83","6,045.00","425.04M","0.58%"
"18/08/2020","6,076.62","6,127.44","6,162.66","6,062.58","502.24M","-0.83%"
"17/08/2020","6,127.44","6,090.04","6,140.19","6,061.46","499.81M","0.61%"
"14/08/2020","6,090.04","6,185.62","6,185.62","6,036.13","513.44M","-1.55%"
"13/08/2020","6,185.62","6,280.12","6,280.12","6,185.62","515.77M","-1.50%"
"12/08/2020","6,280.12","6,154.34","6,297.20","6,151.64","680.85M","2.04%"
"11/08/2020","6,154.34","6,050.59","6,206.00","6,050.59","758.79M","1.71%"
"10/08/2020","6,050.59","6,032.18","6,099.48","6,028.49","558.06M","0.31%"
"07/08/2020","6,032.18","6,026.94","6,046.02","5,996.73","540.97M","0.09%"
"06/08/2020","6,026.94","6,104.72","6,104.72","5,980.44","629.09M","-1.27%"
"05/08/2020","6,104.72","6,036.00","6,111.50","6,036.00","715.56M","1.14%"
"04/08/2020","6,036.00","6,032.85","6,056.47","5,986.77","766.67M","0.05%"
"03/08/2020","6,032.85","5,897.76","6,038.76","5,857.06","948.54M","2.29%"
"31/07/2020","5,897.76","5,989.99","6,046.33","5,897.76","1.01B","-1.54%"
"30/07/2020","5,989.99","6,131.46","6,145.83","5,924.70","1.23B","-2.31%"
"29/07/2020","6,131.46","6,129.26","6,155.06","6,116.72","718.09M","0.04%"
"28/07/2020","6,129.26","6,104.88","6,149.86","6,083.65","612.57M","0.40%"
"27/07/2020","6,104.88","6,123.82","6,127.62","6,086.64","704.38M","-0.31%"
"24/07/2020","6,123.82","6,211.44","6,211.44","6,099.06","679.82M","-1.41%"
"23/07/2020","6,211.44","6,207.10","6,273.63","6,202.90","605.74M","0.07%"
"22/07/2020","6,207.10","6,269.73","6,270.96","6,197.45","745.24M","-1.00%"
"21/07/2020","6,269.73","6,261.52","6,315.68","6,253.90","753.53M","0.13%"
"20/07/2020","6,261.52","6,290.30","6,297.64","6,222.15","494.26M","-0.46%"
"17/07/2020","6,290.30","6,250.69","6,293.68","6,230.01","687.10M","0.63%"
"16/07/2020","6,250.69","6,292.65","6,296.78","6,227.33","521.66M","-0.67%"
"15/07/2020","6,292.65","6,179.75","6,323.55","6,179.75","747.30M","1.83%"
"14/07/2020","6,179.75","6,176.19","6,179.75","6,093.23","717.55M","0.06%"
"13/07/2020","6,176.19","6,095.41","6,187.33","6,095.41","603.07M","1.33%"
"10/07/2020","6,095.41","6,049.62","6,108.20","6,003.19","684.87M","0.76%"
"09/07/2020","6,049.62","6,156.16","6,176.84","6,040.26","670.97M","-1.73%"
"08/07/2020","6,156.16","6,189.90","6,208.43","6,144.52","625.80M","-0.55%"
"07/07/2020","6,189.90","6,285.94","6,285.94","6,179.97","600.36M","-1.53%"
"06/07/2020","6,285.94","6,157.30","6,304.19","6,157.30","696.67M","2.09%"
"03/07/2020","6,157.30","6,240.36","6,262.71","6,137.09","504.57M","-1.33%"
"02/07/2020","6,240.36","6,157.96","6,258.60","6,157.96","806.19M","1.34%"
"01/07/2020","6,157.96","6,169.74","6,201.95","6,084.48","724.50M","-0.19%"
"30/06/2020","6,169.74","6,225.77","6,237.51","6,146.98","827.28M","-0.90%"
"29/06/2020","6,225.77","6,159.30","6,251.96","6,122.95","720.43M","1.08%"
"26/06/2020","6,159.30","6,147.14","6,262.13","6,147.14","698.91M","0.20%"
"25/06/2020","6,147.14","6,123.69","6,162.44","6,029.25","770.24M","0.38%"
"24/06/2020","6,123.69","6,320.12","6,320.12","6,123.69","768.66M","-3.11%"
"23/06/2020","6,320.12","6,244.62","6,342.19","6,244.62","685.33M","1.21%"
"22/06/2020","6,244.62","6,292.60","6,309.04","6,225.53","793.21M","-0.76%"
"19/06/2020","6,292.60","6,224.07","6,319.81","6,224.07","1.68B","1.10%"
"18/06/2020","6,224.07","6,253.25","6,284.96","6,184.88","782.89M","-0.47%"
"17/06/2020","6,253.25","6,242.79","6,309.74","6,233.24","863.31M","0.17%"
"16/06/2020","6,242.79","6,064.70","6,299.02","6,064.70","1.03B","2.94%"
"15/06/2020","6,064.70","6,105.18","6,105.18","5,952.44","835.34M","-0.66%"
"12/06/2020","6,105.18","6,076.70","6,184.29","5,993.20","1.06B","0.47%"
"11/06/2020","6,076.70","6,329.13","6,329.13","6,076.70","1.12B","-3.99%"
"10/06/2020","6,329.13","6,335.72","6,387.35","6,293.83","1.12B","-0.10%"
"09/06/2020","6,335.72","6,472.59","6,475.01","6,325.07","1.29B","-2.11%"
"08/06/2020","6,472.59","6,484.30","6,511.84","6,423.06","1.30B","-0.18%"
"05/06/2020","6,484.30","6,341.44","6,489.99","6,341.44","1.40B","2.25%"
"04/06/2020","6,341.44","6,382.41","6,402.57","6,314.59","1.04B","-0.64%"
"03/06/2020","6,382.41","6,220.14","6,394.70","6,220.14","1.23B","2.61%"
"02/06/2020","6,220.14","6,166.42","6,238.25","6,165.05","1.19B","0.87%"
"01/06/2020","6,166.42","6,076.60","6,179.34","6,076.60","739.93M","1.48%"
"29/05/2020","6,076.60","6,218.79","6,218.79","6,060.16","2.25B","-2.29%"
"28/05/2020","6,218.79","6,144.25","6,234.04","6,144.25","1.21B","1.21%"
"27/05/2020","6,144.25","6,067.76","6,167.96","6,067.76","1.54B","1.26%"
"26/05/2020","6,067.76","5,993.28","6,130.12","5,993.28","1.25B","1.24%"
"22/05/2020","5,993.28","6,015.25","6,015.25","5,888.58","985.50M","-0.37%"
"21/05/2020","6,015.25","6,067.16","6,093.74","6,004.10","1.01B","-0.86%"
"20/05/2020","6,067.16","6,002.23","6,074.46","5,961.56","925.38M","1.08%"
"19/05/2020","6,002.23","6,048.59","6,111.96","5,965.10","1.00B","-0.77%"
"18/05/2020","6,048.59","5,799.77","6,058.17","5,799.61","930.32M","4.29%"
"15/05/2020","5,799.77","5,741.54","5,837.88","5,741.54","927.43M","1.01%"
"14/05/2020","5,741.54","5,904.05","5,904.05","5,661.14","1.15B","-2.75%"
"13/05/2020","5,904.05","5,994.77","5,994.77","5,893.35","1.06B","-1.51%"
"12/05/2020","5,994.77","5,939.73","6,012.98","5,911.37","939.77M","0.93%"
"11/05/2020","5,939.73","5,935.98","5,999.13","5,898.32","1.04B","0.06%"
"07/05/2020","5,935.98","5,853.76","5,941.86","5,853.60","965.87M","1.40%"
"06/05/2020","5,853.76","5,849.42","5,897.44","5,839.57","973.10M","0.07%"
"05/05/2020","5,849.42","5,753.78","5,869.45","5,753.78","968.60M","1.66%"
"04/05/2020","5,753.78","5,763.06","5,792.85","5,702.03","1.04B","-0.16%"
"01/05/2020","5,763.06","5,901.21","5,901.21","5,746.06","781.33M","-2.34%"
"30/04/2020","5,901.21","6,115.25","6,151.58","5,897.91","1.93B","-3.50%"
"29/04/2020","6,115.25","5,958.50","6,129.60","5,950.83","1.29B","2.63%"
"28/04/2020","5,958.50","5,846.79","5,977.76","5,835.92","1.20B","1.91%"
"27/04/2020","5,846.79","5,752.23","5,855.61","5,752.23","792.25M","1.64%"
"24/04/2020","5,752.23","5,826.61","5,827.24","5,728.80","807.87M","-1.28%"
"23/04/2020","5,826.61","5,770.63","5,843.61","5,735.93","882.12M","0.97%"
"22/04/2020","5,770.63","5,641.03","5,777.06","5,641.03","867.00M","2.30%"
"21/04/2020","5,641.03","5,812.83","5,812.83","5,641.03","888.66M","-2.96%"
"20/04/2020","5,812.83","5,786.96","5,823.93","5,707.73","822.61M","0.45%"
"17/04/2020","5,786.96","5,628.43","5,839.33","5,628.43","1.20B","2.82%"
"16/04/2020","5,628.43","5,597.65","5,657.63","5,577.78","1.07B","0.55%"
"15/04/2020","5,597.65","5,791.31","5,791.71","5,576.35","1.38B","-3.34%"
"14/04/2020","5,791.31","5,842.66","5,894.71","5,778.98","1.06B","-0.88%"
"09/04/2020","5,842.66","5,677.73","5,842.66","5,677.68","1.28B","2.90%"
"08/04/2020","5,677.73","5,704.45","5,704.45","5,589.73","1.10B","-0.47%"
"07/04/2020","5,704.45","5,582.39","5,780.21","5,582.39","1.56B","2.19%"
"06/04/2020","5,582.39","5,415.50","5,590.58","5,415.50","1.21B","3.08%"
"03/04/2020","5,415.50","5,480.22","5,486.29","5,396.66","1.18B","-1.18%"
"02/04/2020","5,480.22","5,454.57","5,552.36","5,395.07","1.55B","0.47%"
"01/04/2020","5,454.57","5,671.96","5,671.96","5,414.72","1.67B","-3.83%"
"31/03/2020","5,671.96","5,563.74","5,702.66","5,545.85","1.60B","1.95%"
"30/03/2020","5,563.74","5,510.33","5,567.20","5,351.84","1.13B","0.97%"
"27/03/2020","5,510.33","5,815.73","5,815.73","5,407.06","1.46B","-5.25%"
"26/03/2020","5,815.73","5,688.20","5,815.73","5,503.35","1.54B","2.24%"
"25/03/2020","5,688.20","5,446.01","5,741.42","5,400.47","1.86B","4.45%"
"24/03/2020","5,446.01","4,993.89","5,446.01","4,993.89","1.58B","9.05%"
"23/03/2020","4,993.89","5,190.78","5,194.83","4,922.76","1.63B","-3.79%"
"20/03/2020","5,190.78","5,151.61","5,419.30","5,151.61","2.59B","0.76%"
"19/03/2020","5,151.61","5,080.58","5,181.04","4,942.37","1.96B","1.40%"
"18/03/2020","5,080.58","5,294.90","5,294.90","5,006.20","1.84B","-4.05%"
"17/03/2020","5,294.90","5,151.08","5,308.95","4,978.84","1.94B","2.79%"
"16/03/2020","5,151.08","5,366.11","5,366.11","4,898.79","2.11B","-4.01%"
"13/03/2020","5,366.11","5,237.48","5,696.48","5,237.48","1.94B","2.46%"
"12/03/2020","5,237.48","5,876.52","5,876.52","5,237.48","2.21B","-10.87%"
"11/03/2020","5,876.52","5,960.23","6,088.50","5,860.75","1.51B","-1.40%"
"10/03/2020","5,960.23","5,965.77","6,231.06","5,927.85","1.73B","-0.09%"
"09/03/2020","5,965.77","6,462.55","6,462.55","5,891.56","2.10B","-7.69%"
"06/03/2020","6,462.55","6,705.43","6,705.43","6,431.44","1.38B","-3.62%"
"05/03/2020","6,705.43","6,815.59","6,834.12","6,662.61","1.15B","-1.62%"
"04/03/2020","6,815.59","6,718.20","6,856.27","6,700.23","1.12B","1.45%"
"03/03/2020","6,718.20","6,654.89","6,846.28","6,654.89","1.28B","0.95%"
"02/03/2020","6,654.89","6,580.61","6,775.18","6,496.01","1.76B","1.13%"
"28/02/2020","6,580.61","6,796.40","6,796.40","6,460.08","1.98B","-3.18%"
"27/02/2020","6,796.40","7,042.47","7,042.47","6,729.99","1.22B","-3.49%"
"26/02/2020","7,042.47","7,017.88","7,044.66","6,871.85","982.16M","0.35%"
"25/02/2020","7,017.88","7,156.83","7,198.23","7,004.94","976.46M","-1.94%"
"24/02/2020","7,156.83","7,403.92","7,403.92","7,114.45","1.08B","-3.34%"
"21/02/2020","7,403.92","7,436.64","7,436.70","7,370.63","872.32M","-0.44%"
"20/02/2020","7,436.64","7,457.02","7,480.49","7,436.64","779.37M","-0.27%"
"19/02/2020","7,457.02","7,382.01","7,462.01","7,382.01","602.97M","1.02%"
"18/02/2020","7,382.01","7,433.25","7,433.25","7,353.41","786.11M","-0.69%"
"17/02/2020","7,433.25","7,409.13","7,449.95","7,409.13","394.57M","0.33%"
"14/02/2020","7,409.13","7,452.03","7,472.85","7,403.69","629.85M","-0.58%"
"13/02/2020","7,452.03","7,534.37","7,534.37","7,406.94","820.27M","-1.09%"
"12/02/2020","7,534.37","7,499.44","7,547.65","7,499.01","573.04M","0.47%"
"11/02/2020","7,499.44","7,446.88","7,529.54","7,446.88","697.68M","0.71%"
"10/02/2020","7,446.88","7,466.70","7,466.70","7,427.85","597.28M","-0.27%"
"07/02/2020","7,466.70","7,504.79","7,506.26","7,441.14","705.97M","-0.51%"
"06/02/2020","7,504.79","7,482.48","7,533.57","7,482.48","673.95M","0.30%"
"05/02/2020","7,482.48","7,439.82","7,512.41","7,408.45","818.91M","0.57%"
"04/02/2020","7,439.82","7,326.31","7,442.08","7,326.31","696.70M","1.55%"
"03/02/2020","7,326.31","7,286.01","7,359.98","7,285.16","645.84M","0.55%"
"31/01/2020","7,286.01","7,381.96","7,398.34","7,275.03","714.04M","-1.30%"
"30/01/2020","7,381.96","7,483.57","7,483.57","7,357.62","684.60M","-1.36%"
"29/01/2020","7,483.57","7,480.69","7,514.73","7,462.21","524.38M","0.04%"
"28/01/2020","7,480.69","7,412.05","7,491.44","7,410.37","530.18M","0.93%"
"27/01/2020","7,412.05","7,585.98","7,585.98","7,392.83","679.45M","-2.29%"
"24/01/2020","7,585.98","7,507.67","7,642.21","7,507.59","605.76M","1.04%"
"23/01/2020","7,507.67","7,571.92","7,572.13","7,503.17","668.61M","-0.85%"
"22/01/2020","7,571.92","7,610.70","7,637.35","7,563.52","604.63M","-0.51%"
"21/01/2020","7,610.70","7,651.44","7,651.44","7,550.47","656.51M","-0.53%"
"20/01/2020","7,651.44","7,674.56","7,682.77","7,639.62","358.97M","-0.30%"
"17/01/2020","7,674.56","7,609.81","7,689.67","7,609.81","631.97M","0.85%"
"16/01/2020","7,609.81","7,642.80","7,653.58","7,595.31","573.56M","-0.43%"
"15/01/2020","7,642.80","7,622.35","7,642.80","7,609.44","730.57M","0.27%"
"14/01/2020","7,622.35","7,617.60","7,650.69","7,588.81","697.64M","0.06%"
"13/01/2020","7,617.60","7,587.85","7,635.77","7,582.51","657.73M","0.39%"
"10/01/2020","7,587.85","7,598.12","7,631.96","7,585.07","651.31M","-0.14%"
"09/01/2020","7,598.12","7,574.93","7,627.76","7,574.93","652.92M","0.31%"
"08/01/2020","7,574.93","7,573.85","7,579.48","7,524.96","606.22M","0.01%"
"07/01/2020","7,573.85","7,575.34","7,604.59","7,562.14","511.56M","-0.02%"
"06/01/2020","7,575.34","7,622.40","7,622.40","7,528.08","516.78M","-0.62%"
"03/01/2020","7,622.40","7,604.30","7,626.41","7,551.00","449.69M","0.24%"
"02/01/2020","7,604.30","7,542.44","7,624.78","7,542.44","482.21M","0.82%"
"31/12/2019","7,542.44","7,587.05","7,587.41","7,532.38","212.14M","-0.59%"
"30/12/2019","7,587.05","7,644.90","7,644.90","7,587.05","304.24M","-0.76%"
"27/12/2019","7,644.90","7,632.24","7,665.40","7,622.46","311.11M","0.17%"
"24/12/2019","7,632.24","7,623.59","7,636.16","7,608.22","185.67M","0.11%"
"23/12/2019","7,623.59","7,582.48","7,628.20","7,559.63","539.14M","0.54%"
"20/12/2019","7,582.48","7,573.82","7,599.52","7,564.59","1.16B","0.11%"
"19/12/2019","7,573.82","7,540.75","7,575.90","7,526.10","661.08M","0.44%"
"18/12/2019","7,540.75","7,525.28","7,557.05","7,515.17","679.28M","0.21%"
"17/12/2019","7,525.28","7,519.05","7,537.66","7,497.15","1.10B","0.08%"
"16/12/2019","7,519.05","7,353.44","7,552.65","7,353.18","1.05B","2.25%"
"13/12/2019","7,353.44","7,273.47","7,429.04","7,223.42","1.91B","1.10%"
"12/12/2019","7,273.47","7,216.25","7,307.36","7,216.08","727.08M","0.79%"
"11/12/2019","7,216.25","7,213.76","7,250.67","7,195.49","820.83M","0.03%"
"10/12/2019","7,213.76","7,233.90","7,234.40","7,137.84","703.52M","-0.28%"
"09/12/2019","7,233.90","7,239.66","7,255.73","7,217.80","619.39M","-0.08%"
"06/12/2019","7,239.66","7,137.85","7,241.50","7,137.85","516.37M","1.43%"
"05/12/2019","7,137.85","7,188.50","7,194.78","7,131.16","650.61M","-0.70%"
"04/12/2019","7,188.50","7,158.76","7,190.04","7,139.91","688.01M","0.42%"
"03/12/2019","7,158.76","7,285.94","7,285.94","7,134.93","822.94M","-1.75%"
"02/12/2019","7,285.94","7,346.53","7,400.27","7,277.02","924.43M","-0.82%"
"29/11/2019","7,346.53","7,416.43","7,421.40","7,346.53","627.33M","-0.94%"
"28/11/2019","7,416.43","7,429.78","7,429.78","7,385.32","605.36M","-0.18%"
"27/11/2019","7,429.78","7,403.14","7,446.00","7,400.38","625.05M","0.36%"
"26/11/2019","7,403.14","7,396.29","7,421.30","7,384.96","1.05B","0.09%"
"25/11/2019","7,396.29","7,326.81","7,401.78","7,326.81","570.98M","0.95%"
"22/11/2019","7,326.81","7,238.55","7,343.26","7,238.47","611.24M","1.22%"
"21/11/2019","7,238.55","7,262.49","7,262.49","7,197.33","608.18M","-0.33%"
"20/11/2019","7,262.49","7,323.80","7,323.80","7,219.11","814.23M","-0.84%"
"19/11/2019","7,323.80","7,307.70","7,404.47","7,307.70","605.67M","0.22%"
"18/11/2019","7,307.70","7,302.94","7,335.36","7,293.40","764.23M","0.07%"
"15/11/2019","7,302.94","7,292.76","7,335.55","7,243.15","770.47M","0.14%"
"14/11/2019","7,292.76","7,351.21","7,351.28","7,292.76","675.22M","-0.80%"
"13/11/2019","7,351.21","7,365.44","7,365.44","7,301.71","694.52M","-0.19%"
"12/11/2019","7,365.44","7,328.54","7,390.00","7,328.18","738.72M","0.50%"
"11/11/2019","7,328.54","7,359.38","7,359.38","7,258.46","821.77M","-0.42%"
"08/11/2019","7,359.38","7,406.41","7,406.83","7,349.12","535.07M","-0.63%"
"07/11/2019","7,406.41","7,396.65","7,431.94","7,396.00","668.25M","0.13%"
"06/11/2019","7,396.65","7,388.08","7,398.78","7,363.55","601.83M","0.12%"
"05/11/2019","7,388.08","7,369.69","7,402.79","7,369.61","673.19M","0.25%"
"04/11/2019","7,369.69","7,302.42","7,392.73","7,302.42","582.16M","0.92%"
"01/11/2019","7,302.42","7,248.38","7,307.18","7,248.38","582.08M","0.75%"
"31/10/2019","7,248.38","7,330.78","7,335.16","7,245.23","847.65M","-1.12%"
"30/10/2019","7,330.78","7,306.26","7,334.04","7,278.18","672.19M","0.34%"
"29/10/2019","7,306.26","7,331.28","7,335.73","7,264.74","710.02M","-0.34%"
"28/10/2019","7,331.28","7,324.47","7,346.92","7,291.59","676.04M","0.09%"
"25/10/2019","7,324.47","7,328.25","7,331.17","7,279.78","580.30M","-0.05%"
"24/10/2019","7,328.25","7,260.74","7,338.87","7,255.46","733.23M","0.93%"
"23/10/2019","7,260.74","7,212.49","7,265.86","7,194.13","764.42M","0.67%"
"22/10/2019","7,212.49","7,163.64","7,230.17","7,146.69","800.69M","0.68%"
"21/10/2019","7,163.64","7,150.57","7,197.53","7,139.38","853.63M","0.18%"
"18/10/2019","7,150.57","7,182.32","7,197.14","7,146.11","869.34M","-0.44%"
"17/10/2019","7,182.32","7,167.95","7,237.78","7,162.04","1.13B","0.20%"
"16/10/2019","7,167.95","7,211.64","7,217.63","7,149.84","1.00B","-0.61%"
"15/10/2019","7,211.64","7,213.45","7,242.37","7,176.67","1.12B","-0.03%"
"14/10/2019","7,213.45","7,247.08","7,251.80","7,194.21","780.57M","-0.46%"
"11/10/2019","7,247.08","7,186.36","7,250.09","7,144.66","1.51B","0.84%"
"10/10/2019","7,186.36","7,166.50","7,212.90","7,130.52","700.02M","0.28%"
"09/10/2019","7,166.50","7,143.15","7,196.41","7,139.90","582.02M","0.33%"
"08/10/2019","7,143.15","7,197.88","7,223.86","7,143.15","691.68M","-0.76%"
"07/10/2019","7,197.88","7,155.38","7,206.89","7,132.98","551.39M","0.59%"
"04/10/2019","7,155.38","7,077.64","7,157.75","7,077.40","588.78M","1.10%"
"03/10/2019","7,077.64","7,122.54","7,129.02","7,004.43","635.55M","-0.63%"
"02/10/2019","7,122.54","7,360.32","7,360.32","7,119.72","747.80M","-3.23%"
"01/10/2019","7,360.32","7,408.21","7,433.24","7,352.83","734.56M","-0.65%"
"30/09/2019","7,408.21","7,426.21","7,439.62","7,402.20","655.55M","-0.24%"
"27/09/2019","7,426.21","7,351.08","7,440.77","7,351.00","583.85M","1.02%"
"26/09/2019","7,351.08","7,289.99","7,387.09","7,277.15","704.71M","0.84%"
"25/09/2019","7,289.99","7,291.43","7,292.00","7,212.96","704.55M","-0.02%"
"24/09/2019","7,291.43","7,326.08","7,348.97","7,281.91","588.77M","-0.47%"
"23/09/2019","7,326.08","7,344.92","7,362.30","7,284.75","489.65M","-0.26%"
"20/09/2019","7,344.92","7,356.42","7,376.31","7,322.01","1.66B","-0.16%"
"19/09/2019","7,356.42","7,314.05","7,373.08","7,290.69","632.74M","0.58%"
"18/09/2019","7,314.05","7,320.40","7,350.52","7,300.37","642.71M","-0.09%"
"17/09/2019","7,320.40","7,321.41","7,350.24","7,292.23","698.42M","-0.01%"
"16/09/2019","7,321.41","7,367.46","7,378.32","7,321.41","908.26M","-0.63%"
"13/09/2019","7,367.46","7,344.67","7,380.29","7,318.23","1.00B","0.31%"
"12/09/2019","7,344.67","7,338.03","7,369.34","7,303.17","725.26M","0.09%"
"11/09/2019","7,338.03","7,267.95","7,346.71","7,267.95","829.12M","0.96%"
"10/09/2019","7,267.95","7,235.81","7,270.50","7,199.40","1.03B","0.44%"
"09/09/2019","7,235.81","7,282.34","7,325.21","7,205.98","794.83M","-0.64%"
"06/09/2019","7,282.34","7,271.17","7,284.11","7,244.13","692.28M","0.15%"
"05/09/2019","7,271.17","7,311.26","7,330.71","7,250.63","711.30M","-0.55%"
"04/09/2019","7,311.26","7,268.19","7,334.55","7,268.19","677.43M","0.59%"
"03/09/2019","7,268.19","7,281.94","7,301.47","7,239.10","626.09M","-0.19%"
"02/09/2019","7,281.94","7,207.18","7,315.26","7,206.90","497.75M","1.04%"
"30/08/2019","7,207.18","7,184.32","7,240.37","7,179.70","727.84M","0.32%"
"29/08/2019","7,184.32","7,114.71","7,199.20","7,103.12","635.67M","0.98%"
"28/08/2019","7,114.71","7,089.58","7,131.21","7,050.00","675.63M","0.35%"
"27/08/2019","7,089.58","7,094.98","7,110.76","7,044.73","851.39M","-0.08%"
"23/08/2019","7,094.98","7,128.18","7,188.59","7,094.98","643.00M","-0.47%"
"22/08/2019","7,128.18","7,203.97","7,203.97","7,103.67","653.34M","-1.05%"
"21/08/2019","7,203.97","7,125.00","7,215.53","7,122.12","604.70M","1.11%"
"20/08/2019","7,125.00","7,189.65","7,231.65","7,121.24","766.07M","-0.90%"
"19/08/2019","7,189.65","7,117.15","7,214.23","7,117.15","612.86M","1.02%"
"16/08/2019","7,117.15","7,067.01","7,125.90","7,067.01","651.94M","0.71%"
"15/08/2019","7,067.01","7,147.88","7,148.75","7,020.22","806.74M","-1.13%"
"14/08/2019","7,147.88","7,250.90","7,268.73","7,112.05","811.52M","-1.42%"
"13/08/2019","7,250.90","7,226.72","7,281.14","7,166.86","698.40M","0.33%"
"12/08/2019","7,226.72","7,253.85","7,305.56","7,207.46","585.46M","-0.37%"
"09/08/2019","7,253.85","7,285.90","7,297.28","7,237.13","819.38M","-0.44%"
"08/08/2019","7,285.90","7,198.70","7,285.90","7,191.25","748.51M","1.21%"
"07/08/2019","7,198.70","7,171.69","7,237.88","7,153.89","758.26M","0.38%"
"06/08/2019","7,171.69","7,223.85","7,241.57","7,166.98","816.23M","-0.72%"
"05/08/2019","7,223.85","7,407.06","7,407.06","7,200.54","1.28B","-2.47%"
"02/08/2019","7,407.06","7,584.87","7,585.24","7,397.91","1.06B","-2.34%"
"01/08/2019","7,584.87","7,586.78","7,609.98","7,535.90","843.10M","-0.03%"
"31/07/2019","7,586.78","7,646.77","7,648.20","7,576.12","1.13B","-0.78%"
"30/07/2019","7,646.77","7,686.61","7,727.49","7,643.65","847.75M","-0.52%"
"29/07/2019","7,686.61","7,549.06","7,711.34","7,548.86","782.74M","1.82%"
"26/07/2019","7,549.06","7,489.05","7,553.55","7,486.74","799.73M","0.80%"
"25/07/2019","7,489.05","7,501.46","7,542.64","7,462.73","651.31M","-0.17%"
"24/07/2019","7,501.46","7,556.86","7,558.01","7,479.07","657.12M","-0.73%"
"23/07/2019","7,556.86","7,514.93","7,598.60","7,514.93","654.56M","0.56%"
"22/07/2019","7,514.93","7,508.70","7,549.71","7,491.79","528.99M","0.08%"
"19/07/2019","7,508.70","7,493.09","7,546.65","7,475.49","593.42M","0.21%"
"18/07/2019","7,493.09","7,535.46","7,535.46","7,482.60","519.63M","-0.56%"
"17/07/2019","7,535.46","7,577.20","7,577.20","7,519.22","594.49M","-0.55%"
"16/07/2019","7,577.20","7,531.72","7,590.07","7,524.52","625.96M","0.60%"
"15/07/2019","7,531.72","7,505.97","7,548.33","7,487.44","497.44M","0.34%"
"12/07/2019","7,505.97","7,509.82","7,537.10","7,493.80","516.64M","-0.05%"
"11/07/2019","7,509.82","7,530.69","7,558.34","7,501.66","611.47M","-0.28%"
"10/07/2019","7,530.69","7,536.47","7,559.12","7,515.61","559.06M","-0.08%"
"09/07/2019","7,536.47","7,549.27","7,553.30","7,517.94","559.72M","-0.17%"
"08/07/2019","7,549.27","7,553.14","7,571.34","7,538.67","554.95M","-0.05%"
"05/07/2019","7,553.14","7,603.58","7,603.61","7,541.86","537.93M","-0.66%"
"04/07/2019","7,603.58","7,609.32","7,622.58","7,601.33","502.80M","-0.08%"
"03/07/2019","7,609.32","7,559.19","7,621.02","7,558.47","703.62M","0.66%"
"02/07/2019","7,559.19","7,497.50","7,565.27","7,497.50","573.57M","0.82%"
"01/07/2019","7,497.50","7,425.63","7,530.24","7,425.63","654.27M","0.97%"
"28/06/2019","7,425.63","7,402.33","7,436.18","7,398.92","730.44M","0.31%"
"27/06/2019","7,402.33","7,416.39","7,439.43","7,375.51","665.86M","-0.19%"
"26/06/2019","7,416.39","7,422.43","7,435.90","7,405.54","673.95M","-0.08%"
"25/06/2019","7,422.43","7,416.69","7,429.72","7,373.22","626.13M","0.08%"
"24/06/2019","7,416.69","7,407.50","7,435.54","7,399.56","646.88M","0.12%"
"21/06/2019","7,407.50","7,424.44","7,456.79","7,382.94","1.49B","-0.23%"
"20/06/2019","7,424.44","7,403.54","7,460.83","7,403.54","698.66M","0.28%"
"19/06/2019","7,403.54","7,443.04","7,454.93","7,399.17","774.63M","-0.53%"
"18/06/2019","7,443.04","7,357.31","7,469.19","7,345.55","823.67M","1.17%"
"17/06/2019","7,357.31","7,345.78","7,370.70","7,324.54","548.16M","0.16%"
"14/06/2019","7,345.78","7,368.57","7,368.80","7,316.44","629.60M","-0.31%"
"13/06/2019","7,368.57","7,367.62","7,398.61","7,350.98","627.57M","0.01%"
"12/06/2019","7,367.62","7,398.45","7,398.45","7,329.26","824.87M","-0.42%"
"11/06/2019","7,398.45","7,375.54","7,420.73","7,375.54","690.48M","0.31%"
"10/06/2019","7,375.54","7,331.94","7,380.14","7,331.94","460.89M","0.59%"
"07/06/2019","7,331.94","7,259.85","7,347.41","7,258.16","610.88M","0.99%"
"06/06/2019","7,259.85","7,220.22","7,275.66","7,218.67","640.48M","0.55%"
"05/06/2019","7,220.22","7,216.74","7,259.24","7,201.36","768.03M","0.08%"
"04/06/2019","7,214.29","7,184.80","7,223.96","7,138.14","855.20M","0.41%"
"03/06/2019","7,184.80","7,161.71","7,186.71","7,079.71","733.57M","0.32%"
"31/05/2019","7,161.71","7,218.16","7,218.16","7,130.85","870.74M","-0.78%"
"30/05/2019","7,218.16","7,185.30","7,236.68","7,180.57","658.19M","0.46%"
"29/05/2019","7,185.30","7,268.95","7,268.95","7,151.37","673.07M","-1.15%"
"28/05/2019","7,268.95","7,277.73","7,314.85","7,262.80","1.19B","-0.12%"
"24/05/2019","7,277.73","7,231.04","7,303.04","7,231.01","653.15M","0.65%"
"23/05/2019","7,231.04","7,334.19","7,334.19","7,211.33","819.67M","-1.41%"
"22/05/2019","7,334.19","7,328.92","7,373.27","7,313.55","825.72M","0.07%"
"21/05/2019","7,328.92","7,310.88","7,370.02","7,310.88","772.49M","0.25%"
"20/05/2019","7,310.88","7,348.62","7,360.34","7,268.63","755.12M","-0.51%"
"17/05/2019","7,348.62","7,353.51","7,354.22","7,307.33","763.92M","-0.07%"
"16/05/2019","7,353.51","7,296.95","7,353.51","7,265.77","676.25M","0.78%"
"15/05/2019","7,296.95","7,241.60","7,303.73","7,223.08","834.95M","0.76%"
"14/05/2019","7,241.60","7,163.68","7,241.60","7,163.68","743.86M","1.09%"
"13/05/2019","7,163.68","7,203.29","7,217.12","7,150.89","797.46M","-0.55%"
"10/05/2019","7,203.29","7,207.41","7,268.17","7,189.88","637.29M","-0.06%"
"09/05/2019","7,207.41","7,271.00","7,271.00","7,192.18","880.88M","-0.87%"
"08/05/2019","7,271.00","7,260.47","7,278.26","7,222.88","834.24M","0.15%"
"07/05/2019","7,260.47","7,380.64","7,380.64","7,251.03","907.82M","-1.63%"
"03/05/2019","7,380.64","7,351.31","7,418.17","7,350.01","476.58M","0.40%"
"02/05/2019","7,351.31","7,385.26","7,393.94","7,339.45","637.48M","-0.46%"
"01/05/2019","7,385.26","7,418.22","7,446.46","7,379.65","347.13M","-0.44%"
"30/04/2019","7,418.22","7,440.66","7,451.32","7,394.07","774.32M","-0.30%"
"29/04/2019","7,440.66","7,428.19","7,456.49","7,406.53","506.41M","0.17%"
"26/04/2019","7,428.19","7,434.13","7,442.21","7,398.57","865.75M","-0.08%"
"25/04/2019","7,434.13","7,471.75","7,473.32","7,405.99","695.23M","-0.50%"
"24/04/2019","7,471.75","7,523.07","7,523.79","7,456.74","703.75M","-0.68%"
"23/04/2019","7,523.07","7,459.88","7,528.93","7,459.88","795.96M","0.85%"
"18/04/2019","7,459.88","7,471.32","7,475.91","7,437.87","536.60M","-0.15%"
"17/04/2019","7,471.32","7,469.92","7,478.95","7,445.12","665.16M","0.02%"
"16/04/2019","7,469.92","7,436.87","7,485.93","7,436.87","642.95M","0.44%"
"15/04/2019","7,436.87","7,437.06","7,447.08","7,420.27","527.42M","0.00%"
"12/04/2019","7,437.06","7,417.95","7,454.78","7,415.00","718.44M","0.26%"
"11/04/2019","7,417.95","7,421.91","7,441.89","7,383.47","649.07M","-0.05%"
"10/04/2019","7,421.91","7,425.57","7,441.36","7,409.39","587.36M","-0.05%"
"09/04/2019","7,425.57","7,451.89","7,477.62","7,413.27","672.46M","-0.35%"
"08/04/2019","7,451.89","7,446.87","7,459.93","7,420.41","588.84M","0.07%"
"05/04/2019","7,446.87","7,401.94","7,461.39","7,400.79","700.98M","0.61%"
"04/04/2019","7,401.94","7,418.28","7,418.43","7,367.44","696.56M","-0.22%"
"03/04/2019","7,418.28","7,391.12","7,418.31","7,380.93","908.00M","0.37%"
"02/04/2019","7,391.12","7,317.38","7,403.56","7,316.81","742.82M","1.01%"
"01/04/2019","7,317.38","7,279.19","7,352.15","7,279.19","718.29M","0.52%"
"29/03/2019","7,279.19","7,234.33","7,287.72","7,223.30","818.95M","0.62%"
"28/03/2019","7,234.33","7,194.19","7,265.47","7,190.87","585.60M","0.56%"
"27/03/2019","7,194.19","7,196.29","7,222.64","7,160.14","699.73M","-0.03%"
"26/03/2019","7,196.29","7,177.58","7,221.02","7,169.37","649.06M","0.26%"
"25/03/2019","7,177.58","7,207.59","7,208.09","7,146.83","604.28M","-0.42%"
"22/03/2019","7,207.59","7,355.31","7,356.37","7,192.76","716.21M","-2.01%"
"21/03/2019","7,355.31","7,291.01","7,370.61","7,290.62","731.35M","0.88%"
"20/03/2019","7,291.01","7,324.00","7,341.57","7,291.01","771.73M","-0.45%"
"19/03/2019","7,324.00","7,299.19","7,350.10","7,294.50","617.24M","0.34%"
"18/03/2019","7,299.19","7,228.28","7,299.19","7,228.19","662.83M","0.98%"
"15/03/2019","7,228.28","7,185.43","7,243.80","7,185.43","1.38B","0.60%"
"14/03/2019","7,185.43","7,159.19","7,215.45","7,148.08","815.71M","0.37%"
"13/03/2019","7,159.19","7,151.15","7,181.85","7,128.71","767.65M","0.11%"
"12/03/2019","7,151.15","7,130.62","7,166.55","7,083.22","775.29M","0.29%"
"11/03/2019","7,130.62","7,104.31","7,181.61","7,104.31","695.14M","0.37%"
"08/03/2019","7,104.31","7,157.55","7,157.55","7,077.93","640.78M","-0.74%"
"07/03/2019","7,157.55","7,196.00","7,196.00","7,126.57","712.68M","-0.53%"
"06/03/2019","7,196.00","7,183.43","7,211.83","7,170.25","816.15M","0.17%"
"05/03/2019","7,183.43","7,134.39","7,191.65","7,127.18","819.86M","0.69%"
"04/03/2019","7,134.39","7,106.73","7,166.19","7,106.73","654.23M","0.39%"
"01/03/2019","7,106.73","7,074.73","7,129.72","7,074.73","722.48M","0.45%"
"28/02/2019","7,074.73","7,107.20","7,107.20","7,041.03","1.01B","-0.46%"
"27/02/2019","7,107.20","7,151.12","7,151.12","7,082.62","897.62M","-0.61%"
"26/02/2019","7,151.12","7,183.74","7,183.79","7,091.59","892.46M","-0.45%"
"25/02/2019","7,183.74","7,178.60","7,210.70","7,158.19","664.87M","0.07%"
"22/02/2019","7,178.60","7,167.39","7,220.52","7,162.37","666.72M","0.16%"
"21/02/2019","7,167.39","7,228.62","7,228.78","7,141.85","822.59M","-0.85%"
"20/02/2019","7,228.62","7,179.17","7,234.16","7,177.95","887.89M","0.69%"
"19/02/2019","7,179.17","7,219.47","7,219.53","7,162.80","643.41M","-0.56%"
"18/02/2019","7,219.47","7,236.68","7,242.09","7,209.70","453.43M","-0.24%"
"15/02/2019","7,236.68","7,197.01","7,261.63","7,185.23","709.70M","0.55%"
"14/02/2019","7,197.01","7,190.84","7,232.83","7,183.01","535.04M","0.09%"
"13/02/2019","7,190.84","7,133.14","7,205.07","7,133.14","578.84M","0.81%"
"12/02/2019","7,133.14","7,129.11","7,168.61","7,121.72","542.97M","0.06%"
"11/02/2019","7,129.11","7,071.18","7,149.23","7,071.18","565.26M","0.82%"
"08/02/2019","7,071.18","7,093.58","7,115.83","7,064.90","548.73M","-0.32%"
"07/02/2019","7,093.58","7,173.09","7,187.51","7,093.58","669.72M","-1.11%"
"06/02/2019","7,173.09","7,177.37","7,184.22","7,146.65","618.00M","-0.06%"
"05/02/2019","7,177.37","7,034.13","7,180.71","7,033.57","683.46M","2.04%"
"04/02/2019","7,034.13","7,020.22","7,046.58","7,002.42","630.90M","0.20%"
"01/02/2019","7,020.22","6,968.85","7,024.45","6,968.85","645.35M","0.74%"
"31/01/2019","6,968.85","6,941.63","6,994.88","6,941.09","893.09M","0.39%"
"30/01/2019","6,941.63","6,833.93","6,967.70","6,833.93","771.90M","1.58%"
"29/01/2019","6,833.93","6,747.10","6,860.34","6,747.10","718.59M","1.29%"
"28/01/2019","6,747.10","6,809.22","6,812.53","6,734.00","668.24M","-0.91%"
"25/01/2019","6,809.22","6,818.95","6,858.19","6,806.77","749.99M","-0.14%"
"24/01/2019","6,818.95","6,842.88","6,854.59","6,802.03","618.51M","-0.35%"
"23/01/2019","6,842.88","6,901.39","6,901.63","6,834.30","666.01M","-0.85%"
"22/01/2019","6,901.39","6,970.59","6,970.59","6,880.69","583.46M","-0.99%"
"21/01/2019","6,970.59","6,968.33","6,987.93","6,954.52","488.78M","0.03%"
"18/01/2019","6,968.33","6,834.92","6,984.36","6,834.92","820.33M","1.95%"
"17/01/2019","6,834.92","6,862.68","6,862.68","6,799.03","600.66M","-0.40%"
"16/01/2019","6,862.68","6,895.02","6,912.44","6,848.57","811.96M","-0.47%"
"15/01/2019","6,895.02","6,855.02","6,910.45","6,849.63","708.58M","0.58%"
"14/01/2019","6,855.02","6,918.18","6,918.21","6,841.74","704.57M","-0.91%"
"11/01/2019","6,918.18","6,942.87","7,001.94","6,902.65","701.51M","-0.36%"
"10/01/2019","6,942.87","6,906.63","6,948.18","6,860.82","630.32M","0.52%"
"09/01/2019","6,906.63","6,861.60","6,938.31","6,861.60","887.29M","0.66%"
"08/01/2019","6,861.60","6,810.88","6,901.48","6,804.89","672.10M","0.74%"
"07/01/2019","6,810.88","6,837.42","6,874.11","6,778.01","759.33M","-0.39%"
"04/01/2019","6,837.42","6,692.66","6,850.37","6,692.50","658.88M","2.16%"
"03/01/2019","6,692.66","6,734.23","6,753.14","6,685.09","694.92M","-0.62%"
"02/01/2019","6,734.23","6,728.13","6,753.29","6,599.48","633.24M","0.09%"
"31/12/2018","6,728.13","6,733.97","6,752.54","6,718.32","232.27M","-0.09%"
"28/12/2018","6,733.97","6,584.68","6,742.48","6,584.68","515.16M","2.27%"
"27/12/2018","6,584.68","6,685.99","6,728.49","6,536.53","608.36M","-1.52%"
"24/12/2018","6,685.99","6,721.17","6,721.17","6,661.04","198.77M","-0.52%"
"21/12/2018","6,721.17","6,711.93","6,733.00","6,653.65","1.65B","0.14%"
"20/12/2018","6,711.93","6,765.94","6,765.94","6,646.45","929.57M","-0.80%"
"19/12/2018","6,765.94","6,701.59","6,785.16","6,698.15","777.37M","0.96%"
"18/12/2018","6,701.59","6,773.24","6,773.24","6,701.59","880.78M","-1.06%"
"17/12/2018","6,773.24","6,845.17","6,845.17","6,761.38","734.72M","-1.05%"
"14/12/2018","6,845.17","6,877.50","6,877.50","6,788.65","736.01M","-0.47%"
"13/12/2018","6,877.50","6,880.19","6,908.48","6,848.98","757.82M","-0.04%"
"12/12/2018","6,880.19","6,806.94","6,902.19","6,806.94","1.10B","1.08%"
"11/12/2018","6,806.94","6,721.54","6,857.58","6,721.54","867.26M","1.27%"
"10/12/2018","6,721.54","6,778.11","6,815.84","6,719.17","891.07M","-0.83%"
"07/12/2018","6,778.11","6,704.05","6,868.27","6,704.05","845.32M","1.10%"
"06/12/2018","6,704.05","6,921.84","6,921.84","6,673.57","1.06B","-3.15%"
"05/12/2018","6,921.84","7,022.76","7,028.65","6,921.84","813.44M","-1.44%"
"04/12/2018","7,022.76","7,062.41","7,095.01","7,002.71","844.63M","-0.56%"
"03/12/2018","7,062.41","6,980.24","7,145.49","6,980.24","891.14M","1.18%"
"30/11/2018","6,980.24","7,038.95","7,042.07","6,965.60","1.22B","-0.83%"
"29/11/2018","7,038.95","7,004.52","7,078.37","7,004.52","797.79M","0.49%"
"28/11/2018","7,004.52","7,016.85","7,057.03","6,987.25","825.36M","-0.18%"
"27/11/2018","7,016.85","7,036.00","7,043.70","6,983.98","855.62M","-0.27%"
"26/11/2018","7,036.00","6,952.86","7,050.96","6,952.86","826.83M","1.20%"
"23/11/2018","6,952.86","6,960.32","6,987.53","6,912.30","707.66M","-0.11%"
"22/11/2018","6,960.32","7,050.23","7,050.43","6,944.95","786.80M","-1.28%"
"21/11/2018","7,050.23","6,947.92","7,058.56","6,947.92","864.50M","1.47%"
"20/11/2018","6,947.92","7,000.89","7,010.10","6,904.21","851.71M","-0.76%"
"19/11/2018","7,000.89","7,013.88","7,070.46","6,997.83","800.44M","-0.19%"
"16/11/2018","7,013.88","7,038.01","7,092.44","6,968.99","1.04B","-0.34%"
"15/11/2018","7,038.01","7,033.79","7,081.88","6,979.57","1.29B","0.06%"
"14/11/2018","7,033.79","7,053.76","7,113.59","6,979.68","953.79M","-0.28%"
"13/11/2018","7,053.76","7,053.08","7,103.97","7,016.64","1.08B","0.01%"
"12/11/2018","7,053.08","7,105.34","7,186.31","7,053.08","730.62M","-0.74%"
"09/11/2018","7,105.34","7,140.68","7,140.68","7,070.80","672.89M","-0.49%"
"08/11/2018","7,140.68","7,117.28","7,171.69","7,115.01","697.80M","0.33%"
"07/11/2018","7,117.28","7,040.68","7,136.75","7,040.68","698.98M","1.09%"
"06/11/2018","7,040.68","7,103.84","7,117.50","7,027.45","666.52M","-0.89%"
"05/11/2018","7,103.84","7,094.12","7,140.37","7,077.40","570.49M","0.14%"
"02/11/2018","7,094.12","7,114.66","7,196.39","7,094.12","824.95M","-0.29%"
"01/11/2018","7,114.66","7,128.10","7,165.61","7,085.74","1.06B","-0.19%"
"31/10/2018","7,128.10","7,035.85","7,161.54","7,035.85","923.08M","1.31%"
"30/10/2018","7,035.85","7,026.32","7,060.06","6,983.68","774.72M","0.14%"
"29/10/2018","7,026.32","6,939.56","7,085.88","6,939.56","804.71M","1.25%"
"26/10/2018","6,939.56","7,004.10","7,004.16","6,851.59","803.06M","-0.92%"
"25/10/2018","7,004.10","6,962.98","7,004.10","6,885.99","853.93M","0.59%"
"24/10/2018","6,962.98","6,955.21","7,049.83","6,955.21","797.99M","0.11%"
"23/10/2018","6,955.21","7,042.80","7,042.80","6,928.65","1.01B","-1.24%"
"22/10/2018","7,042.80","7,049.80","7,114.12","7,042.05","806.70M","-0.10%"
"19/10/2018","7,049.80","7,026.99","7,070.38","7,012.56","800.35M","0.32%"
"18/10/2018","7,026.99","7,054.60","7,078.76","7,026.74","692.86M","-0.39%"
"17/10/2018","7,054.60","7,059.40","7,089.03","7,019.41","707.14M","-0.07%"
"16/10/2018","7,059.40","7,029.22","7,062.08","6,998.93","786.10M","0.43%"
"15/10/2018","7,029.22","6,995.91","7,038.23","6,961.28","674.96M","0.48%"
"12/10/2018","6,995.91","7,006.93","7,073.99","6,994.78","903.68M","-0.16%"
"11/10/2018","7,006.93","7,145.74","7,145.74","6,998.02","1.21B","-1.94%"
"10/10/2018","7,145.74","7,237.59","7,242.31","7,145.74","1.06B","-1.27%"
"09/10/2018","7,237.59","7,233.33","7,247.64","7,184.28","789.69M","0.06%"
"08/10/2018","7,233.33","7,318.54","7,319.84","7,233.33","695.80M","-1.16%"
"05/10/2018","7,318.54","7,418.34","7,421.12","7,318.54","758.63M","-1.35%"
"04/10/2018","7,418.34","7,510.28","7,510.28","7,411.31","826.76M","-1.22%"
"03/10/2018","7,510.28","7,474.55","7,524.06","7,474.55","849.12M","0.48%"
"02/10/2018","7,474.55","7,495.67","7,495.67","7,444.80","843.12M","-0.28%"
"01/10/2018","7,495.67","7,510.20","7,526.20","7,466.67","746.18M","-0.19%"
"28/09/2018","7,510.20","7,545.44","7,548.36","7,474.67","943.92M","-0.47%"
"27/09/2018","7,545.44","7,511.49","7,552.02","7,490.94","666.22M","0.45%"
"26/09/2018","7,511.49","7,507.56","7,522.06","7,490.20","693.15M","0.05%"
"25/09/2018","7,507.56","7,458.41","7,515.94","7,455.22","791.70M","0.66%"
"24/09/2018","7,458.41","7,490.23","7,491.25","7,450.53","710.21M","-0.42%"
"21/09/2018","7,490.23","7,367.32","7,495.26","7,367.32","1.55B","1.67%"
"20/09/2018","7,367.32","7,331.12","7,368.43","7,324.01","891.66M","0.49%"
"19/09/2018","7,331.12","7,300.23","7,346.11","7,279.92","785.95M","0.42%"
"18/09/2018","7,300.23","7,302.10","7,320.07","7,281.98","722.03M","-0.03%"
"17/09/2018","7,302.10","7,304.04","7,318.77","7,267.83","640.19M","-0.03%"
"14/09/2018","7,304.04","7,281.57","7,323.83","7,281.57","595.14M","0.31%"
"13/09/2018","7,281.57","7,313.36","7,319.57","7,275.14","681.15M","-0.43%"
"12/09/2018","7,313.36","7,273.54","7,325.25","7,250.84","698.11M","0.55%"
"11/09/2018","7,273.54","7,279.30","7,280.48","7,220.50","664.03M","-0.08%"
"10/09/2018","7,279.30","7,277.70","7,307.85","7,256.51","717.86M","0.02%"
"07/09/2018","7,277.70","7,318.96","7,328.30","7,227.07","889.09M","-0.56%"
"06/09/2018","7,318.96","7,383.28","7,397.74","7,313.12","743.69M","-0.87%"
"05/09/2018","7,383.28","7,457.86","7,457.86","7,357.98","792.99M","-1.00%"
"04/09/2018","7,457.86","7,504.60","7,535.12","7,437.65","672.99M","-0.62%"
"03/09/2018","7,504.60","7,432.42","7,516.06","7,432.18","468.85M","0.97%"
"31/08/2018","7,432.42","7,516.03","7,516.46","7,428.67","838.07M","-1.11%"
"30/08/2018","7,516.03","7,563.21","7,563.21","7,497.54","642.44M","-0.62%"
"29/08/2018","7,563.21","7,617.22","7,635.74","7,545.08","709.98M","-0.71%"
"28/08/2018","7,617.22","7,577.49","7,636.72","7,577.49","603.83M","0.52%"
"24/08/2018","7,577.49","7,563.22","7,587.19","7,557.67","523.57M","0.19%"
"23/08/2018","7,563.22","7,574.24","7,602.10","7,560.85","592.64M","-0.15%"
"22/08/2018","7,574.24","7,565.70","7,607.23","7,531.24","630.16M","0.11%"
"21/08/2018","7,565.70","7,591.26","7,601.65","7,557.34","560.35M","-0.34%"
"20/08/2018","7,591.26","7,558.59","7,616.15","7,558.59","576.84M","0.43%"
"17/08/2018","7,558.59","7,556.38","7,577.68","7,514.26","621.37M","0.03%"
"16/08/2018","7,556.38","7,497.87","7,565.18","7,497.87","795.28M","0.78%"
"15/08/2018","7,497.87","7,611.64","7,632.07","7,477.05","994.26M","-1.49%"
"14/08/2018","7,611.64","7,642.45","7,665.24","7,599.66","787.26M","-0.40%"
"13/08/2018","7,642.45","7,667.01","7,667.33","7,614.48","612.15M","-0.32%"
"10/08/2018","7,667.01","7,741.77","7,741.77","7,657.72","684.69M","-0.97%"
"09/08/2018","7,741.77","7,776.65","7,776.77","7,714.52","582.94M","-0.45%"
"08/08/2018","7,776.65","7,718.48","7,790.17","7,707.30","621.15M","0.75%"
"07/08/2018","7,718.48","7,663.78","7,752.08","7,663.20","696.34M","0.71%"
"06/08/2018","7,663.78","7,659.10","7,681.86","7,636.60","838.43M","0.06%"
"03/08/2018","7,659.10","7,575.93","7,665.16","7,575.93","670.04M","1.10%"
"02/08/2018","7,575.93","7,652.91","7,652.91","7,549.34","1.04B","-1.01%"
"01/08/2018","7,652.91","7,748.76","7,751.10","7,634.66","1.01B","-1.24%"
"31/07/2018","7,748.76","7,700.85","7,782.90","7,695.76","943.37M","0.62%"
"30/07/2018","7,700.85","7,701.31","7,718.06","7,659.91","755.66M","-0.01%"
"27/07/2018","7,701.31","7,663.17","7,717.22","7,663.16","788.38M","0.50%"
"26/07/2018","7,663.17","7,658.26","7,684.72","7,640.94","607.06M","0.06%"
"25/07/2018","7,658.26","7,709.05","7,710.25","7,640.59","698.48M","-0.66%"
"24/07/2018","7,709.05","7,655.79","7,740.64","7,648.59","878.89M","0.70%"
"23/07/2018","7,655.79","7,678.79","7,678.79","7,621.75","591.25M","-0.30%"
"20/07/2018","7,678.79","7,683.97","7,705.80","7,631.66","706.25M","-0.07%"
"19/07/2018","7,683.97","7,676.28","7,702.85","7,660.02","716.90M","0.10%"
"18/07/2018","7,676.28","7,626.33","7,685.68","7,625.75","671.52M","0.65%"
"17/07/2018","7,626.33","7,600.45","7,641.10","7,581.83","746.77M","0.34%"
"16/07/2018","7,600.45","7,661.87","7,667.71","7,564.96","608.96M","-0.80%"
"13/07/2018","7,661.87","7,651.33","7,716.24","7,651.33","592.17M","0.14%"
"12/07/2018","7,651.33","7,591.96","7,662.96","7,591.96","769.26M","0.78%"
"11/07/2018","7,591.96","7,692.04","7,692.04","7,578.18","816.82M","-1.30%"
"10/07/2018","7,692.04","7,687.99","7,715.07","7,677.06","723.21M","0.05%"
"09/07/2018","7,687.99","7,617.70","7,697.46","7,617.70","697.51M","0.92%"
"06/07/2018","7,617.70","7,603.22","7,631.19","7,569.70","684.00M","0.19%"
"05/07/2018","7,603.22","7,573.09","7,624.82","7,572.69","631.12M","0.40%"
"04/07/2018","7,573.09","7,593.29","7,593.29","7,560.81","591.92M","-0.27%"
"03/07/2018","7,593.29","7,547.85","7,632.12","7,544.98","1.05B","0.60%"
"02/07/2018","7,547.85","7,636.93","7,636.93","7,540.71","802.39M","-1.17%"
"29/06/2018","7,636.93","7,615.63","7,706.64","7,615.63","926.73M","0.28%"
"28/06/2018","7,615.63","7,621.69","7,632.17","7,576.01","815.21M","-0.08%"
"27/06/2018","7,621.69","7,537.92","7,633.92","7,512.03","1.69B","1.11%"
"26/06/2018","7,537.92","7,509.84","7,564.05","7,509.84","1.12B","0.37%"
"25/06/2018","7,509.84","7,682.27","7,682.27","7,508.32","815.82M","-2.24%"
"22/06/2018","7,682.27","7,556.44","7,689.44","7,556.20","738.42M","1.67%"
"21/06/2018","7,556.44","7,627.40","7,670.78","7,548.12","801.61M","-0.93%"
"20/06/2018","7,627.40","7,603.85","7,705.20","7,603.85","870.10M","0.31%"
"19/06/2018","7,603.85","7,631.33","7,631.33","7,548.84","921.29M","-0.36%"
"18/06/2018","7,631.33","7,633.91","7,645.47","7,601.60","683.91M","-0.03%"
"15/06/2018","7,633.91","7,765.79","7,781.00","7,633.91","1.76B","-1.70%"
"14/06/2018","7,765.79","7,703.71","7,793.45","7,650.16","1.15B","0.81%"
"13/06/2018","7,703.71","7,703.81","7,746.70","7,677.17","877.98M","0.00%"
"12/06/2018","7,703.81","7,737.43","7,762.77","7,701.33","797.69M","-0.43%"
"11/06/2018","7,737.43","7,681.07","7,756.02","7,681.07","758.83M","0.73%"
"08/06/2018","7,681.07","7,704.40","7,714.32","7,637.52","778.85M","-0.30%"
"07/06/2018","7,704.40","7,712.37","7,756.66","7,698.15","1.09B","-0.10%"
"06/06/2018","7,712.37","7,686.80","7,730.48","7,671.62","909.67M","0.33%"
"05/06/2018","7,686.80","7,741.29","7,744.46","7,686.61","962.54M","-0.70%"
"04/06/2018","7,741.29","7,701.77","7,772.12","7,701.70","743.52M","0.51%"
"01/06/2018","7,701.77","7,678.20","7,746.73","7,678.20","807.70M","0.31%"
"31/05/2018","7,678.20","7,689.57","7,727.45","7,651.12","1.59B","-0.15%"
"30/05/2018","7,689.57","7,632.64","7,689.57","7,618.12","950.54M","0.75%"
"29/05/2018","7,632.64","7,730.28","7,730.28","7,610.66","1.33B","-1.26%"
"25/05/2018","7,730.28","7,716.74","7,753.32","7,703.26","852.47M","0.18%"
"24/05/2018","7,716.74","7,788.44","7,803.45","7,716.74","917.82M","-0.92%"
"23/05/2018","7,788.44","7,877.45","7,877.45","7,765.32","944.43M","-1.13%"
"22/05/2018","7,877.45","7,859.17","7,903.50","7,854.58","829.87M","0.23%"
"21/05/2018","7,859.17","7,778.79","7,868.12","7,778.12","713.10M","1.03%"
"18/05/2018","7,778.79","7,787.97","7,791.41","7,753.27","927.55M","-0.12%"
"17/05/2018","7,787.97","7,734.20","7,788.23","7,713.85","802.62M","0.70%"
"16/05/2018","7,734.20","7,722.98","7,745.53","7,717.76","959.90M","0.15%"
"15/05/2018","7,722.98","7,710.98","7,752.02","7,687.49","1.06B","0.16%"
"14/05/2018","7,710.98","7,724.55","7,727.96","7,688.57","772.86M","-0.18%"
"11/05/2018","7,724.55","7,700.97","7,728.89","7,691.69","754.16M","0.31%"
"10/05/2018","7,700.97","7,662.52","7,706.87","7,631.58","901.48M","0.50%"
"09/05/2018","7,662.52","7,565.75","7,662.52","7,565.75","918.68M","1.28%"
"08/05/2018","7,565.75","7,567.14","7,598.51","7,550.44","896.88M","-0.02%"
"04/05/2018","7,567.14","7,502.69","7,570.22","7,502.69","886.34M","0.86%"
"03/05/2018","7,502.69","7,543.20","7,555.18","7,492.39","745.26M","-0.54%"
"02/05/2018","7,543.20","7,520.36","7,572.98","7,519.62","855.11M","0.30%"
"01/05/2018","7,520.36","7,509.30","7,549.07","7,506.57","584.61M","0.15%"
"30/04/2018","7,509.30","7,502.21","7,546.16","7,497.11","1.02B","0.09%"
"27/04/2018","7,502.21","7,421.43","7,507.12","7,421.28","773.11M","1.09%"
"26/04/2018","7,421.43","7,379.32","7,421.43","7,355.00","839.86M","0.57%"
"25/04/2018","7,379.32","7,425.40","7,427.13","7,334.64","906.77M","-0.62%"
"24/04/2018","7,425.40","7,398.87","7,439.58","7,397.29","862.03M","0.36%"
"23/04/2018","7,398.87","7,368.17","7,404.11","7,359.73","799.46M","0.42%"
"20/04/2018","7,368.17","7,328.92","7,368.17","7,323.31","792.27M","0.54%"
"19/04/2018","7,328.92","7,317.34","7,340.73","7,309.42","811.86M","0.16%"
"18/04/2018","7,317.34","7,226.05","7,325.59","7,226.05","904.18M","1.26%"
"17/04/2018","7,226.05","7,198.20","7,240.41","7,189.85","735.88M","0.39%"
"16/04/2018","7,198.20","7,264.56","7,265.83","7,195.46","889.30M","-0.91%"
"13/04/2018","7,264.56","7,258.34","7,274.99","7,249.07","677.12M","0.09%"
"12/04/2018","7,258.34","7,257.14","7,266.64","7,240.76","687.15M","0.02%"
"11/04/2018","7,257.14","7,266.75","7,270.28","7,243.32","789.65M","-0.13%"
"10/04/2018","7,266.75","7,194.75","7,266.75","7,194.75","778.17M","1.00%"
"09/04/2018","7,194.75","7,183.64","7,209.68","7,145.57","691.58M","0.15%"
"06/04/2018","7,183.64","7,199.50","7,214.02","7,163.11","676.29M","-0.22%"
"05/04/2018","7,199.50","7,034.01","7,199.50","7,034.01","819.22M","2.35%"
"04/04/2018","7,034.01","7,030.46","7,046.26","6,971.75","818.65M","0.05%"
"03/04/2018","7,030.46","7,056.61","7,064.98","6,996.76","814.72M","-0.37%"
"29/03/2018","7,056.61","7,044.74","7,109.93","7,042.73","900.25M","0.17%"
"28/03/2018","7,044.74","7,000.14","7,044.74","6,923.33","785.93M","0.64%"
"27/03/2018","7,000.14","6,888.69","7,042.37","6,888.69","712.08M","1.62%"
"26/03/2018","6,888.69","6,921.94","6,958.47","6,866.94","788.73M","-0.48%"
"23/03/2018","6,921.94","6,952.59","6,952.82","6,876.96","906.20M","-0.44%"
"22/03/2018","6,952.59","7,038.97","7,038.97","6,914.45","887.62M","-1.23%"
"21/03/2018","7,038.97","7,061.27","7,065.66","7,016.79","785.55M","-0.32%"
"20/03/2018","7,061.27","7,042.93","7,081.50","7,042.60","764.83M","0.26%"
"19/03/2018","7,042.93","7,164.14","7,164.19","7,034.91","750.73M","-1.69%"
"16/03/2018","7,164.14","7,139.76","7,187.27","7,131.31","1.42B","0.34%"
"15/03/2018","7,139.76","7,132.69","7,162.58","7,127.08","833.05M","0.10%"
"14/03/2018","7,132.69","7,138.78","7,176.51","7,122.76","775.44M","-0.09%"
"13/03/2018","7,138.78","7,214.76","7,224.13","7,125.60","790.45M","-1.05%"
"12/03/2018","7,214.76","7,224.51","7,254.87","7,198.18","631.27M","-0.13%"
"09/03/2018","7,224.51","7,203.24","7,225.28","7,189.74","671.26M","0.30%"
"08/03/2018","7,203.24","7,157.84","7,212.14","7,145.70","734.71M","0.63%"
"07/03/2018","7,157.84","7,146.75","7,180.71","7,109.56","889.06M","0.16%"
"06/03/2018","7,146.75","7,115.98","7,197.80","7,115.60","810.45M","0.43%"
"05/03/2018","7,115.98","7,069.90","7,119.21","7,062.13","956.92M","0.65%"
"02/03/2018","7,069.90","7,175.64","7,175.64","7,063.42","938.59M","-1.47%"
"01/03/2018","7,175.64","7,231.91","7,231.91","7,153.39","886.34M","-0.78%"
"28/02/2018","7,231.91","7,282.45","7,293.36","7,231.91","948.41M","-0.69%"
"27/02/2018","7,282.45","7,289.58","7,326.02","7,272.87","740.36M","-0.10%"
"26/02/2018","7,289.58","7,244.41","7,312.98","7,244.31","603.89M","0.62%"
"23/02/2018","7,244.41","7,252.39","7,262.05","7,220.81","695.74M","-0.11%"
"22/02/2018","7,252.39","7,281.57","7,281.57","7,187.76","952.98M","-0.40%"
"21/02/2018","7,281.57","7,246.77","7,291.80","7,220.55","930.80M","0.48%"
"20/02/2018","7,246.77","7,247.66","7,264.78","7,202.14","699.56M","-0.01%"
"19/02/2018","7,247.66","7,294.70","7,306.21","7,239.98","520.05M","-0.64%"
"16/02/2018","7,294.70","7,234.81","7,307.97","7,234.81","671.91M","0.83%"
"15/02/2018","7,234.81","7,213.97","7,267.96","7,206.69","770.03M","0.29%"
"14/02/2018","7,213.97","7,168.01","7,243.15","7,145.73","969.40M","0.64%"
"13/02/2018","7,168.01","7,177.06","7,202.99","7,165.83","740.99M","-0.13%"
"12/02/2018","7,177.06","7,092.43","7,199.93","7,092.43","737.67M","1.19%"
"09/02/2018","7,092.43","7,170.69","7,170.69","7,073.03","955.73M","-1.09%"
"08/02/2018","7,170.69","7,279.42","7,279.42","7,161.31","1.00B","-1.49%"
"07/02/2018","7,279.42","7,141.40","7,311.50","7,141.40","1.06B","1.93%"
"06/02/2018","7,141.40","7,334.98","7,334.98","7,079.41","1.40B","-2.64%"
"05/02/2018","7,334.98","7,443.43","7,443.43","7,334.79","916.49M","-1.46%"
"02/02/2018","7,443.43","7,490.39","7,494.76","7,432.25","898.53M","-0.63%"
"01/02/2018","7,490.39","7,533.55","7,554.73","7,476.51","899.49M","-0.57%"
"31/01/2018","7,533.55","7,587.98","7,599.01","7,521.77","907.20M","-0.72%"
"30/01/2018","7,587.98","7,671.53","7,671.67","7,587.12","823.71M","-1.09%"
"29/01/2018","7,671.53","7,665.54","7,689.15","7,663.93","631.88M","0.08%"
"26/01/2018","7,665.54","7,615.84","7,667.40","7,615.84","735.67M","0.65%"
"25/01/2018","7,615.84","7,643.43","7,662.35","7,608.53","735.31M","-0.36%"
"24/01/2018","7,643.43","7,731.83","7,731.98","7,643.43","769.85M","-1.14%"
"23/01/2018","7,731.83","7,715.44","7,745.22","7,710.03","765.38M","0.21%"
"22/01/2018","7,715.44","7,730.79","7,739.35","7,703.67","752.61M","-0.20%"
"19/01/2018","7,730.79","7,700.96","7,731.82","7,694.66","820.00M","0.39%"
"18/01/2018","7,700.96","7,725.43","7,739.54","7,683.71","789.20M","-0.32%"
"17/01/2018","7,725.43","7,755.93","7,755.93","7,711.11","847.95M","-0.39%"
"16/01/2018","7,755.93","7,769.14","7,791.83","7,740.55","849.62M","-0.17%"
"15/01/2018","7,769.14","7,778.64","7,783.61","7,763.43","568.97M","-0.12%"
"12/01/2018","7,778.64","7,762.94","7,792.56","7,752.63","1.17B","0.20%"
"11/01/2018","7,762.94","7,748.51","7,768.96","7,734.64","1.01B","0.19%"
"10/01/2018","7,748.51","7,731.02","7,756.11","7,716.21","885.66M","0.23%"
"09/01/2018","7,731.02","7,696.51","7,733.12","7,696.50","728.23M","0.45%"
"08/01/2018","7,696.51","7,724.22","7,733.39","7,691.77","654.44M","-0.36%"
"05/01/2018","7,724.22","7,695.88","7,727.73","7,689.81","655.71M","0.37%"
"04/01/2018","7,695.88","7,671.11","7,702.51","7,671.11","727.69M","0.32%"
"03/01/2018","7,671.11","7,648.10","7,689.86","7,640.53","589.34M","0.30%"
"02/01/2018","7,648.10","7,687.77","7,691.34","7,624.14","594.07M","-0.52%"
"29/12/2017","7,687.77","7,622.88","7,697.62","7,620.01","298.18M","0.85%"
"28/12/2017","7,622.88","7,620.68","7,633.55","7,609.77","321.52M","0.03%"
"27/12/2017","7,620.68","7,592.66","7,632.71","7,586.42","472.51M","0.37%"
"22/12/2017","7,592.66","7,603.98","7,614.40","7,585.47","251.37M","-0.15%"
"21/12/2017","7,603.98","7,525.22","7,609.69","7,517.88","640.56M","1.05%"
"20/12/2017","7,525.22","7,544.09","7,550.60","7,511.45","679.71M","-0.25%"
"19/12/2017","7,544.09","7,537.01","7,563.49","7,534.08","695.72M","0.09%"
"18/12/2017","7,537.01","7,490.57","7,544.26","7,490.57","585.56M","0.62%"
"15/12/2017","7,490.57","7,448.12","7,490.57","7,433.78","1.22B","0.57%"
"14/12/2017","7,448.12","7,496.51","7,496.70","7,448.12","924.06M","-0.65%"
"13/12/2017","7,496.51","7,500.41","7,510.77","7,492.58","1.03B","-0.05%"
"12/12/2017","7,500.41","7,453.48","7,501.52","7,448.31","1.02B","0.63%"
"11/12/2017","7,453.48","7,393.96","7,458.40","7,393.58","933.60M","0.80%"
"08/12/2017","7,393.96","7,320.75","7,412.21","7,314.23","1.04B","1.00%"
"07/12/2017","7,320.75","7,348.03","7,371.73","7,314.60","823.88M","-0.37%"
"06/12/2017","7,348.03","7,327.50","7,369.71","7,289.36","692.98M","0.28%"
"05/12/2017","7,327.50","7,338.97","7,373.90","7,326.57","903.63M","-0.16%"
"04/12/2017","7,338.97","7,300.49","7,369.65","7,300.49","768.16M","0.53%"
"01/12/2017","7,300.49","7,326.67","7,355.43","7,288.73","865.25M","-0.36%"
"30/11/2017","7,326.67","7,393.56","7,416.26","7,326.67","1.38B","-0.90%"
"29/11/2017","7,393.56","7,460.65","7,460.65","7,386.67","1.11B","-0.90%"
"28/11/2017","7,460.65","7,383.90","7,469.61","7,373.95","946.12M","1.04%"
"27/11/2017","7,383.90","7,409.64","7,438.39","7,383.90","656.44M","-0.35%"
"24/11/2017","7,409.64","7,417.24","7,425.19","7,389.54","561.89M","-0.10%"
"23/11/2017","7,417.24","7,419.02","7,422.73","7,373.31","577.46M","-0.02%"
"22/11/2017","7,419.02","7,411.34","7,460.91","7,410.38","859.39M","0.10%"
"21/11/2017","7,411.34","7,389.46","7,422.18","7,367.86","753.29M","0.30%"
"20/11/2017","7,389.46","7,380.68","7,397.39","7,350.37","738.28M","0.12%"
"17/11/2017","7,380.68","7,386.94","7,406.53","7,356.16","731.96M","-0.08%"
"16/11/2017","7,386.94","7,372.61","7,393.28","7,368.14","926.68M","0.19%"
"15/11/2017","7,372.61","7,414.42","7,415.09","7,357.06","919.47M","-0.56%"
"14/11/2017","7,414.42","7,415.18","7,436.57","7,396.92","1.18B","-0.01%"
"13/11/2017","7,415.18","7,432.99","7,469.30","7,402.95","759.79M","-0.24%"
"10/11/2017","7,432.99","7,484.10","7,500.29","7,421.73","694.70M","-0.68%"
"09/11/2017","7,484.10","7,529.72","7,532.20","7,476.89","860.71M","-0.61%"
"08/11/2017","7,529.72","7,513.11","7,534.49","7,504.77","807.97M","0.22%"
"07/11/2017","7,513.11","7,562.28","7,582.85","7,507.83","747.48M","-0.65%"
"06/11/2017","7,562.28","7,560.35","7,572.90","7,544.20","632.91M","0.03%"
"03/11/2017","7,560.35","7,555.32","7,580.95","7,541.91","672.31M","0.07%"
"02/11/2017","7,555.32","7,487.96","7,562.26","7,478.88","1.03B","0.90%"
"01/11/2017","7,487.96","7,493.08","7,532.36","7,487.96","1.21B","-0.07%"
"31/10/2017","7,493.08","7,487.81","7,516.85","7,483.97","730.56M","0.07%"
"30/10/2017","7,487.81","7,505.03","7,507.02","7,478.41","749.41M","-0.23%"
"27/10/2017","7,505.03","7,486.50","7,520.76","7,485.24","870.03M","0.25%"
"26/10/2017","7,486.50","7,447.21","7,488.26","7,440.11","1.02B","0.53%"
"25/10/2017","7,447.21","7,526.54","7,528.46","7,437.42","922.39M","-1.05%"
"24/10/2017","7,526.54","7,524.45","7,535.22","7,508.50","676.61M","0.03%"
"23/10/2017","7,524.45","7,523.23","7,542.00","7,511.77","565.83M","0.02%"
"20/10/2017","7,523.23","7,523.04","7,560.04","7,517.07","752.95M","0.00%"
"19/10/2017","7,523.04","7,542.87","7,542.87","7,485.42","828.89M","-0.26%"
"18/10/2017","7,542.87","7,516.17","7,555.24","7,516.17","645.75M","0.36%"
"17/10/2017","7,516.17","7,526.97","7,550.44","7,506.31","1.03B","-0.14%"
"16/10/2017","7,526.97","7,535.44","7,557.00","7,526.73","738.06M","-0.11%"
"13/10/2017","7,535.44","7,556.24","7,556.24","7,521.09","686.92M","-0.28%"
"12/10/2017","7,556.24","7,533.81","7,565.11","7,526.33","722.80M","0.30%"
"11/10/2017","7,533.81","7,538.27","7,550.17","7,519.60","1.25B","-0.06%"
"10/10/2017","7,538.27","7,507.89","7,543.88","7,504.56","821.71M","0.40%"
"09/10/2017","7,507.89","7,522.87","7,523.65","7,493.68","695.85M","-0.20%"
"06/10/2017","7,522.87","7,507.99","7,527.72","7,507.99","694.72M","0.20%"
"05/10/2017","7,507.99","7,467.58","7,507.99","7,464.40","775.86M","0.54%"
"04/10/2017","7,467.58","7,468.11","7,476.33","7,456.61","945.11M","-0.01%"
"03/10/2017","7,468.11","7,438.84","7,469.82","7,426.67","718.75M","0.39%"
"02/10/2017","7,438.84","7,372.76","7,438.84","7,372.73","891.03M","0.90%"
"29/09/2017","7,372.76","7,322.82","7,382.67","7,321.64","750.78M","0.68%"
"28/09/2017","7,322.82","7,313.51","7,323.33","7,289.75","748.36M","0.13%"
"27/09/2017","7,313.51","7,285.74","7,327.50","7,285.74","857.13M","0.38%"
"26/09/2017","7,285.74","7,301.29","7,311.82","7,273.32","707.67M","-0.21%"
"25/09/2017","7,301.29","7,310.64","7,312.45","7,272.49","601.76M","-0.13%"
"22/09/2017","7,310.64","7,263.90","7,320.28","7,242.23","644.90M","0.64%"
"21/09/2017","7,263.90","7,271.95","7,289.16","7,260.05","807.48M","-0.11%"
"20/09/2017","7,271.95","7,275.25","7,289.93","7,249.58","794.23M","-0.05%"
"19/09/2017","7,275.25","7,253.28","7,285.67","7,243.59","797.45M","0.30%"
"18/09/2017","7,253.28","7,215.47","7,257.45","7,215.47","734.33M","0.52%"
"15/09/2017","7,215.47","7,295.39","7,295.39","7,196.58","1.46B","-1.10%"
"14/09/2017","7,295.39","7,379.70","7,390.70","7,287.73","1.26B","-1.14%"
"13/09/2017","7,379.70","7,400.69","7,401.30","7,336.23","870.09M","-0.28%"
"12/09/2017","7,400.69","7,413.59","7,435.84","7,386.98","768.76M","-0.17%"
"11/09/2017","7,413.59","7,377.60","7,434.07","7,377.60","633.81M","0.49%"
"08/09/2017","7,377.60","7,396.98","7,396.98","7,358.42","619.11M","-0.26%"
"07/09/2017","7,396.98","7,354.13","7,412.68","7,348.38","663.67M","0.58%"
"06/09/2017","7,354.13","7,372.92","7,372.92","7,322.42","697.15M","-0.25%"
"05/09/2017","7,372.92","7,411.47","7,437.51","7,369.58","558.08M","-0.52%"
"04/09/2017","7,411.47","7,438.50","7,438.50","7,404.05","398.67M","-0.36%"
"01/09/2017","7,438.50","7,430.62","7,460.52","7,430.06","552.91M","0.11%"
"31/08/2017","7,430.62","7,365.26","7,443.68","7,365.01","784.89M","0.89%"
"30/08/2017","7,365.26","7,337.43","7,381.33","7,337.43","686.61M","0.38%"
"29/08/2017","7,337.43","7,401.46","7,401.62","7,289.20","757.21M","-0.87%"
"25/08/2017","7,401.46","7,407.06","7,439.53","7,401.46","513.07M","-0.08%"
"24/08/2017","7,407.06","7,382.65","7,437.87","7,382.16","756.85M","0.33%"
"23/08/2017","7,382.65","7,381.74","7,394.52","7,360.33","611.96M","0.01%"
"22/08/2017","7,381.74","7,318.88","7,387.55","7,318.88","676.38M","0.86%"
"21/08/2017","7,318.88","7,323.98","7,331.95","7,296.80","552.91M","-0.07%"
"18/08/2017","7,323.98","7,387.87","7,387.87","7,302.47","741.56M","-0.86%"
"17/08/2017","7,387.87","7,433.03","7,433.74","7,382.16","593.94M","-0.61%"
"16/08/2017","7,433.03","7,383.85","7,444.98","7,383.85","586.26M","0.67%"
"15/08/2017","7,383.85","7,353.89","7,399.35","7,353.89","510.54M","0.41%"
"14/08/2017","7,353.89","7,309.96","7,377.66","7,309.96","553.29M","0.60%"
"11/08/2017","7,309.96","7,389.94","7,389.96","7,296.49","767.62M","-1.08%"
"10/08/2017","7,389.94","7,498.06","7,498.06","7,376.66","735.23M","-1.44%"
"09/08/2017","7,498.06","7,542.73","7,542.73","7,475.83","803.93M","-0.59%"
"08/08/2017","7,542.73","7,531.94","7,551.85","7,518.45","615.74M","0.14%"
"07/08/2017","7,531.94","7,511.71","7,533.74","7,511.71","632.19M","0.27%"
"04/08/2017","7,511.71","7,474.77","7,519.06","7,465.12","776.41M","0.49%"
"03/08/2017","7,474.77","7,411.43","7,484.53","7,384.22","819.30M","0.85%"
"02/08/2017","7,411.43","7,423.66","7,434.71","7,388.91","731.35M","-0.16%"
"01/08/2017","7,423.66","7,372.00","7,440.14","7,372.00","740.61M","0.70%"
"31/07/2017","7,372.00","7,368.37","7,425.52","7,367.86","927.04M","0.05%"
"28/07/2017","7,368.37","7,443.01","7,443.01","7,339.44","822.65M","-1.00%"
"27/07/2017","7,443.01","7,452.32","7,461.85","7,410.85","1.01B","-0.12%"
"26/07/2017","7,452.32","7,434.82","7,487.05","7,434.68","774.93M","0.24%"
"25/07/2017","7,434.82","7,377.73","7,453.74","7,377.73","798.83M","0.77%"
"24/07/2017","7,377.73","7,452.91","7,453.22","7,357.50","1.11B","-1.01%"
"21/07/2017","7,452.91","7,487.87","7,515.12","7,433.89","722.77M","-0.47%"
"20/07/2017","7,487.87","7,430.91","7,502.73","7,430.91","728.09M","0.77%"
"19/07/2017","7,430.91","7,390.22","7,442.84","7,379.33","660.42M","0.55%"
"18/07/2017","7,390.22","7,404.13","7,418.53","7,357.77","634.51M","-0.19%"
"17/07/2017","7,404.13","7,378.39","7,426.37","7,378.30","613.97M","0.35%"
"14/07/2017","7,378.39","7,413.44","7,419.81","7,363.77","852.44M","-0.47%"
"13/07/2017","7,413.44","7,416.93","7,428.24","7,403.75","970.71M","-0.05%"
"12/07/2017","7,416.93","7,329.76","7,439.08","7,329.76","821.52M","1.19%"
"11/07/2017","7,329.76","7,370.03","7,386.88","7,304.77","683.49M","-0.55%"
"10/07/2017","7,370.03","7,350.92","7,388.02","7,344.31","615.60M","0.26%"
"07/07/2017","7,350.92","7,337.28","7,359.48","7,314.69","690.33M","0.19%"
"06/07/2017","7,337.28","7,367.60","7,373.85","7,303.46","791.24M","-0.41%"
"05/07/2017","7,367.60","7,357.23","7,386.92","7,347.52","952.88M","0.14%"
"04/07/2017","7,357.23","7,377.09","7,383.45","7,336.75","600.30M","-0.27%"
"03/07/2017","7,377.09","7,312.72","7,386.11","7,312.26","726.60M","0.88%"
"30/06/2017","7,312.72","7,350.32","7,377.38","7,302.71","1.01B","-0.51%"
"29/06/2017","7,350.32","7,387.80","7,451.95","7,341.75","959.17M","-0.51%"
"28/06/2017","7,387.80","7,434.36","7,445.31","7,381.36","859.43M","-0.63%"
"27/06/2017","7,434.36","7,446.80","7,451.68","7,411.36","725.03M","-0.17%"
"26/06/2017","7,446.80","7,424.13","7,480.95","7,424.13","714.44M","0.31%"
"23/06/2017","7,424.13","7,439.29","7,441.79","7,396.75","627.79M","-0.20%"
"22/06/2017","7,439.29","7,447.79","7,448.48","7,398.83","813.13M","-0.11%"
"21/06/2017","7,447.79","7,472.71","7,477.17","7,417.45","869.74M","-0.33%"
"20/06/2017","7,472.71","7,523.81","7,561.07","7,472.71","1.04B","-0.68%"
"19/06/2017","7,523.81","7,463.54","7,537.84","7,463.54","568.21M","0.81%"
"16/06/2017","7,463.54","7,419.36","7,478.99","7,419.36","1.95B","0.60%"
"15/06/2017","7,419.36","7,474.40","7,474.51","7,377.86","1.01B","-0.74%"
"14/06/2017","7,474.40","7,500.44","7,545.07","7,474.40","972.22M","-0.35%"
"13/06/2017","7,500.44","7,511.87","7,540.05","7,491.86","782.43M","-0.15%"
"12/06/2017","7,511.87","7,527.33","7,540.53","7,483.61","712.64M","-0.21%"
"09/06/2017","7,527.33","7,449.98","7,545.12","7,449.73","1.11B","1.04%"
"08/06/2017","7,449.98","7,478.62","7,489.66","7,449.98","893.77M","-0.38%"
"07/06/2017","7,478.62","7,524.95","7,555.62","7,476.33","901.56M","-0.62%"
"06/06/2017","7,524.95","7,525.76","7,527.64","7,502.83","867.65M","-0.01%"
"05/06/2017","7,525.76","7,547.63","7,562.00","7,519.06","624.06M","-0.29%"
"02/06/2017","7,547.63","7,543.77","7,598.99","7,539.96","823.79M","0.05%"
"01/06/2017","7,543.77","7,519.95","7,558.63","7,518.32","884.73M","0.32%"
"31/05/2017","7,519.95","7,526.51","7,586.45","7,519.68","1.89B","-0.09%"
"30/05/2017","7,526.51","7,547.63","7,547.65","7,497.07","760.55M","-0.28%"
"26/05/2017","7,547.63","7,517.71","7,554.21","7,514.39","797.46M","0.40%"
"25/05/2017","7,517.71","7,514.90","7,529.74","7,497.07","638.44M","0.04%"
"24/05/2017","7,514.90","7,485.29","7,519.58","7,475.11","848.44M","0.40%"
"23/05/2017","7,485.29","7,496.34","7,521.94","7,485.29","699.94M","-0.15%"
"22/05/2017","7,496.34","7,470.71","7,518.12","7,470.71","691.51M","0.34%"
"19/05/2017","7,470.71","7,436.42","7,480.28","7,436.42","845.28M","0.46%"
"18/05/2017","7,436.42","7,503.47","7,503.68","7,389.26","1.01B","-0.89%"
"17/05/2017","7,503.47","7,522.03","7,532.95","7,478.88","1.02B","-0.25%"
"16/05/2017","7,522.03","7,454.37","7,533.70","7,452.44","1.04B","0.91%"
"15/05/2017","7,454.37","7,435.39","7,460.20","7,434.24","857.70M","0.26%"
"12/05/2017","7,435.39","7,386.63","7,435.39","7,381.74","879.09M","0.66%"
"11/05/2017","7,386.63","7,385.24","7,396.19","7,369.23","985.41M","0.02%"
"10/05/2017","7,385.24","7,342.21","7,398.58","7,331.30","848.26M","0.59%"
"09/05/2017","7,342.21","7,300.86","7,359.61","7,300.86","729.08M","0.57%"
"08/05/2017","7,300.86","7,297.43","7,322.32","7,285.76","738.84M","0.05%"
"05/05/2017","7,297.43","7,248.10","7,297.43","7,222.81","908.53M","0.68%"
"04/05/2017","7,248.10","7,234.53","7,280.70","7,226.07","947.13M","0.19%"
"03/05/2017","7,234.53","7,250.05","7,250.05","7,218.56","790.04M","-0.21%"
"02/05/2017","7,250.05","7,203.94","7,254.32","7,203.94","939.01M","0.64%"
"28/04/2017","7,203.94","7,237.17","7,243.31","7,197.28","1.18B","-0.46%"
"27/04/2017","7,237.17","7,288.72","7,289.38","7,224.35","1.13B","-0.71%"
"26/04/2017","7,288.72","7,275.64","7,302.57","7,262.32","887.07M","0.18%"
"25/04/2017","7,275.64","7,264.68","7,290.82","7,258.74","861.21M","0.15%"
"24/04/2017","7,264.68","7,114.55","7,273.90","7,114.55","1.06B","2.11%"
"21/04/2017","7,114.55","7,118.54","7,134.53","7,104.22","924.44M","-0.06%"
"20/04/2017","7,118.54","7,114.36","7,127.58","7,096.83","856.40M","0.06%"
"19/04/2017","7,114.36","7,147.50","7,151.18","7,114.36","1.05B","-0.46%"
"18/04/2017","7,147.50","7,327.59","7,327.59","7,147.50","1.07B","-2.46%"
"13/04/2017","7,327.59","7,348.99","7,348.99","7,298.85","738.07M","-0.29%"
"12/04/2017","7,348.99","7,365.50","7,402.42","7,348.84","915.89M","-0.22%"
"11/04/2017","7,365.50","7,348.94","7,406.35","7,332.59","820.61M","0.23%"
"10/04/2017","7,348.94","7,349.37","7,359.25","7,337.01","689.47M","-0.01%"
"07/04/2017","7,349.37","7,303.20","7,349.37","7,284.73","804.73M","0.63%"
"06/04/2017","7,303.20","7,331.68","7,331.68","7,258.11","912.35M","-0.39%"
"05/04/2017","7,331.68","7,321.82","7,362.59","7,321.82","772.84M","0.13%"
"04/04/2017","7,321.82","7,282.69","7,324.60","7,282.69","810.27M","0.54%"
"03/04/2017","7,282.69","7,322.92","7,350.30","7,280.76","769.00M","-0.55%"
"31/03/2017","7,322.92","7,369.52","7,369.55","7,322.92","986.61M","-0.63%"
"30/03/2017","7,369.52","7,373.72","7,384.80","7,340.25","784.50M","-0.06%"
"29/03/2017","7,373.72","7,343.42","7,373.72","7,313.90","803.45M","0.41%"
"28/03/2017","7,343.42","7,293.50","7,349.59","7,285.80","815.61M","0.68%"
"27/03/2017","7,293.50","7,336.82","7,336.82","7,255.78","802.85M","-0.59%"
"24/03/2017","7,336.82","7,340.71","7,351.60","7,322.86","652.71M","-0.05%"
"23/03/2017","7,340.71","7,324.72","7,346.40","7,307.65","807.60M","0.22%"
"22/03/2017","7,324.72","7,378.34","7,378.40","7,301.83","932.57M","-0.73%"
"21/03/2017","7,378.34","7,429.81","7,440.85","7,360.67","873.16M","-0.69%"
"20/03/2017","7,429.81","7,424.96","7,433.68","7,399.97","629.94M","0.07%"
"17/03/2017","7,424.96","7,415.95","7,447.00","7,402.64","1.56B","0.12%"
"16/03/2017","7,415.95","7,368.64","7,444.62","7,368.64","1.12B","0.64%"
"15/03/2017","7,368.64","7,357.85","7,383.33","7,357.58","845.71M","0.15%"
"14/03/2017","7,357.85","7,367.08","7,386.17","7,339.27","868.57M","-0.13%"
"13/03/2017","7,367.08","7,343.08","7,377.41","7,342.02","708.55M","0.33%"
"10/03/2017","7,343.08","7,314.96","7,373.00","7,314.96","948.17M","0.38%"
"09/03/2017","7,314.96","7,334.61","7,336.26","7,263.62","1.08B","-0.27%"
"08/03/2017","7,334.61","7,338.99","7,354.47","7,315.86","893.03M","-0.06%"
"07/03/2017","7,338.99","7,350.12","7,363.74","7,335.27","870.64M","-0.15%"
"06/03/2017","7,350.12","7,374.26","7,374.26","7,338.94","758.39M","-0.33%"
"03/03/2017","7,374.26","7,382.35","7,382.36","7,353.64","876.91M","-0.11%"
"02/03/2017","7,382.35","7,382.90","7,394.61","7,372.68","955.78M","-0.01%"
"01/03/2017","7,382.90","7,263.44","7,383.05","7,263.44","1.07B","1.64%"
"28/02/2017","7,263.44","7,253.00","7,284.20","7,246.60","1.01B","0.14%"
"27/02/2017","7,253.00","7,243.70","7,285.19","7,239.66","856.82M","0.13%"
"24/02/2017","7,243.70","7,271.37","7,271.86","7,192.45","881.80M","-0.38%"
"23/02/2017","7,271.37","7,302.25","7,310.05","7,262.94","1.10B","-0.42%"
"22/02/2017","7,302.25","7,274.83","7,314.26","7,274.71","1.18B","0.38%"
"21/02/2017","7,274.83","7,299.86","7,318.98","7,267.49","924.70M","-0.34%"
"20/02/2017","7,299.86","7,299.96","7,329.56","7,283.29","655.61M","0.00%"
"17/02/2017","7,299.96","7,277.92","7,307.14","7,253.16","826.58M","0.30%"
"16/02/2017","7,277.92","7,302.41","7,302.41","7,260.74","705.21M","-0.34%"
"15/02/2017","7,302.41","7,268.56","7,313.44","7,268.56","738.32M","0.47%"
"14/02/2017","7,268.56","7,278.92","7,292.65","7,251.81","779.70M","-0.14%"
"13/02/2017","7,278.92","7,258.75","7,298.47","7,257.67","665.38M","0.28%"
"10/02/2017","7,258.75","7,229.50","7,274.80","7,229.45","902.73M","0.40%"
"09/02/2017","7,229.50","7,188.82","7,238.74","7,183.14","805.92M","0.57%"
"08/02/2017","7,188.82","7,186.22","7,195.94","7,147.18","963.91M","0.04%"
"07/02/2017","7,186.22","7,172.15","7,227.22","7,159.57","793.59M","0.20%"
"06/02/2017","7,172.15","7,188.30","7,208.73","7,165.17","633.43M","-0.22%"
"03/02/2017","7,188.30","7,140.75","7,202.37","7,133.63","810.15M","0.67%"
"02/02/2017","7,140.75","7,107.65","7,163.94","7,093.57","907.25M","0.47%"
"01/02/2017","7,107.65","7,099.15","7,170.24","7,099.15","809.59M","0.12%"
"31/01/2017","7,099.15","7,118.48","7,162.53","7,099.15","983.51M","-0.27%"
"30/01/2017","7,118.48","7,184.49","7,184.70","7,105.67","915.51M","-0.92%"
"27/01/2017","7,184.49","7,161.49","7,184.73","7,150.76","903.60M","0.32%"
"26/01/2017","7,161.49","7,164.43","7,184.75","7,151.34","933.67M","-0.04%"
"25/01/2017","7,164.43","7,150.34","7,205.68","7,150.34","1.02B","0.20%"
"24/01/2017","7,150.34","7,151.18","7,190.15","7,144.44","1.10B","-0.01%"
"23/01/2017","7,151.18","7,198.44","7,198.44","7,131.46","736.25M","-0.66%"
"20/01/2017","7,198.44","7,208.44","7,221.01","7,193.73","819.06M","-0.14%"
"19/01/2017","7,208.44","7,247.61","7,249.63","7,191.67","771.56M","-0.54%"
"18/01/2017","7,247.61","7,220.38","7,260.47","7,218.41","820.14M","0.38%"
"17/01/2017","7,220.38","7,327.13","7,329.27","7,220.38","879.28M","-1.46%"
"16/01/2017","7,327.13","7,337.81","7,354.14","7,320.47","633.74M","-0.15%"
"13/01/2017","7,337.81","7,292.37","7,338.49","7,292.37","836.37M","0.62%"
"12/01/2017","7,292.37","7,290.49","7,302.34","7,263.42","857.07M","0.03%"
"11/01/2017","7,290.49","7,275.47","7,328.51","7,257.15","905.71M","0.21%"
"10/01/2017","7,275.47","7,237.77","7,284.81","7,237.29","961.63M","0.52%"
"09/01/2017","7,237.77","7,210.05","7,243.76","7,207.40","725.81M","0.38%"
"06/01/2017","7,210.05","7,195.31","7,210.05","7,180.64","715.80M","0.20%"
"05/01/2017","7,195.31","7,189.74","7,211.96","7,172.77","792.50M","0.08%"
"04/01/2017","7,189.74","7,177.89","7,189.74","7,168.77","765.00M","0.17%"
"03/01/2017","7,177.89","7,142.83","7,205.45","7,142.83","820.16M","0.49%"